ProdID,CoordID,Name,Latitude,Longitude,PixelX,PixelY,Date(yyyy-MM-dd),Time(HH_mm_ss),rBRR_01,rBRR_02,rBRR_03,rBRR_04,rBRR_05,rBRR_06,rBRR_07,rBRR_08,rBRR_09,rBRR_10,rBRR_11,rBRR_12,rBRR_13,rBRR_14,rBRR_15,rBRR_16,rBRR_17,rBRR_18,rBRR_19,rBRR_20,rBRR_21,rtoa_01,rtoa_02,rtoa_03,rtoa_04,rtoa_05,rtoa_06,rtoa_07,rtoa_08,rtoa_09,rtoa_10,rtoa_11,rtoa_12,rtoa_13,rtoa_14,rtoa_15,rtoa_16,rtoa_17,rtoa_18,rtoa_19,rtoa_20,rtoa_21,quality_flags,TP_latitude,TP_longitude,OAA,OZA,SAA,SZA,atmospheric_temperature_profile_pressure_level_1,atmospheric_temperature_profile_pressure_level_2,atmospheric_temperature_profile_pressure_level_3,atmospheric_temperature_profile_pressure_level_4,atmospheric_temperature_profile_pressure_level_5,atmospheric_temperature_profile_pressure_level_6,atmospheric_temperature_profile_pressure_level_7,atmospheric_temperature_profile_pressure_level_8,atmospheric_temperature_profile_pressure_level_9,atmospheric_temperature_profile_pressure_level_10,atmospheric_temperature_profile_pressure_level_11,atmospheric_temperature_profile_pressure_level_12,atmospheric_temperature_profile_pressure_level_13,atmospheric_temperature_profile_pressure_level_14,atmospheric_temperature_profile_pressure_level_15,atmospheric_temperature_profile_pressure_level_16,atmospheric_temperature_profile_pressure_level_17,atmospheric_temperature_profile_pressure_level_18,atmospheric_temperature_profile_pressure_level_19,atmospheric_temperature_profile_pressure_level_20,atmospheric_temperature_profile_pressure_level_21,atmospheric_temperature_profile_pressure_level_22,atmospheric_temperature_profile_pressure_level_23,atmospheric_temperature_profile_pressure_level_24,atmospheric_temperature_profile_pressure_level_25,horizontal_wind_vector_1,horizontal_wind_vector_2,humidity,sea_level_pressure,total_columnar_water_vapour,total_ozone,quality_flags_land,quality_flags_coastline,quality_flags_fresh_inland_water,quality_flags_tidal_region,quality_flags_bright,quality_flags_straylight_risk,quality_flags_invalid,quality_flags_cosmetic,quality_flags_duplicated,quality_flags_sun_glint_risk,quality_flags_dubious,quality_flags_saturated_Oa01,quality_flags_saturated_Oa02,quality_flags_saturated_Oa03,quality_flags_saturated_Oa04,quality_flags_saturated_Oa05,quality_flags_saturated_Oa06,quality_flags_saturated_Oa07,quality_flags_saturated_Oa08,quality_flags_saturated_Oa09,quality_flags_saturated_Oa10,quality_flags_saturated_Oa11,quality_flags_saturated_Oa12,quality_flags_saturated_Oa13,quality_flags_saturated_Oa14,quality_flags_saturated_Oa15,quality_flags_saturated_Oa16,quality_flags_saturated_Oa17,quality_flags_saturated_Oa18,quality_flags_saturated_Oa19,quality_flags_saturated_Oa20,quality_flags_saturated_Oa21
0,1,pin_1,19.526177,85.118444,207.5,300.5,27-12-2017,04:30:10,0.1037625,0.106152907,0.10765373,0.112263463,0.114004545,0.119284891,0.09056069,0.083015695,0.08099734,0.079954997,0.065085739,0.051960964,0.008270464,0.022777265,0.043941095,0.050202221,0.042798568,0.040577337,0.030332144,0.011951673,0.034713078,0.219087645,0.207319066,0.183445588,0.161272958,0.155215353,0.14658241,0.110290915,0.098157622,0.095441997,0.093803622,0.07863915,0.061983924,0.019290945,0.033148799,0.053490609,0.059023295,0.0486858,0.045980096,0.035543066,0.016577862,0.037807897,2147483647,19.52679443,85.11825562,102.5542831,3.173088312,146.6212616,50.58697128,294.0854492,291.2633667,290.3022156,289.7378235,288.868103,287.2054138,281.9890137,276.1394348,266.9777527,255.0184326,238.797287,229.6019897,218.2023773,207.7550354,195.4329529,195.3575592,207.084671,215.9908752,219.264679,233.7469788,239.3312836,240.3493958,254.5214539,259.2064514,251.642868,-1.455605865,-1.364100337,10.10105896,1016.352051,12.44550133,0.005254461,1,0,1,1,0,0,0,0,0,0,0,0,0,0,0,0,0,0,0,0,0,0,0,0,0,0,0,0,0,0,0,0
0,2,pin_2,19.540731,85.17375,226.5,295.5,27-12-2017,04:30:10,0.11785005,0.116462149,0.111425288,0.110778004,0.11062061,0.112622537,0.082860455,0.075328268,0.073810212,0.072396338,0.059228942,0.047548059,0.007659438,0.02019432,0.040684082,0.045722924,0.038560111,0.037213519,0.027272705,0.01099361,0.031466141,0.216307193,0.204153284,0.17911388,0.155732602,0.148782685,0.138328046,0.101710282,0.089843132,0.087641284,0.085679926,0.071992308,0.057121806,0.018134853,0.030092232,0.049785238,0.054156419,0.044196464,0.042373765,0.032254267,0.015400649,0.034425627,2147483647,19.54199028,85.17462921,102.5378189,2.741057634,146.6816864,50.57141876,293.7463074,291.3746643,290.3820801,289.7142334,288.9117737,287.2001343,281.9459534,276.1344299,266.9892273,255.0235443,238.8020782,229.5931396,218.2041626,207.7738342,195.4318237,195.3428955,207.0961609,215.9710999,219.2767181,233.7504425,239.3182983,240.3285522,254.5367584,259.2293396,251.6714325,-1.605544925,-1.68803072,9.699137688,1016.366821,12.16579533,0.005256238,1,0,1,1,0,0,0,0,0,0,0,0,0,0,0,0,0,0,0,0,0,0,0,0,0,0,0,0,0,0,0,0
0,3,pin_3,19.601859,85.159196,221.5,274.5,27-12-2017,04:30:10,0.103219815,0.104386695,0.104715697,0.11113441,0.113753557,0.121138684,0.089039676,0.079878159,0.078147456,0.077273041,0.063120514,0.049744334,0.007871964,0.021356091,0.043043263,0.048566546,0.041366961,0.039297286,0.029683007,0.01206332,0.033897731,0.218655959,0.206020325,0.181157291,0.160297722,0.154972255,0.148233354,0.108862929,0.095174864,0.092725322,0.091241382,0.076703206,0.059836544,0.018906269,0.031772673,0.052618444,0.057432055,0.04727995,0.044721104,0.03490416,0.016688082,0.037000082,2147483647,19.60242081,85.16001892,102.5483627,2.978808165,146.6908264,50.63146973,293.747345,291.2872009,290.4921875,289.7918396,288.9407654,287.1889343,281.9230347,276.1143188,266.964325,255.0100098,238.7870331,229.4940796,218.17836,207.7896729,195.4741516,195.3317566,207.1065979,216.068634,219.2503204,233.6983337,239.3314362,240.4358063,254.5761414,259.0743103,251.741333,-1.683341265,-1.320641994,9.239714622,1016.390442,11.82828617,0.005257588,1,0,1,1,0,0,0,0,0,0,0,0,0,0,0,0,0,0,0,0,0,0,0,0,0,0,0,0,0,0,0,0
0,4,pin_4,19.564018,85.165018,223.5,287.5,27-12-2017,04:30:10,0.102219291,0.104830101,0.103797518,0.108256079,0.111062266,0.115687236,0.086217947,0.078610741,0.076076843,0.075422503,0.061431706,0.049880806,0.008078269,0.021343589,0.042656489,0.048199922,0.041564867,0.039529536,0.029690579,0.012343942,0.036583934,0.217853144,0.206211463,0.180363566,0.157829463,0.152607679,0.143282011,0.106206805,0.093953356,0.090737782,0.08946,0.075031988,0.05995661,0.019093864,0.031748995,0.052232184,0.057065278,0.047467239,0.044943064,0.034905653,0.016959587,0.039656967,2147483647,19.56598663,85.16452789,102.5433884,2.870720387,146.6811523,50.59745789,293.76474,291.3272095,290.4266357,289.7485962,288.9212646,287.1942139,281.9389343,276.1262512,266.9779968,255.0179596,238.7955933,229.5526276,218.1930389,207.7785187,195.4485321,195.340332,207.0997925,216.0133209,219.2648926,233.7277985,239.3254089,240.3741913,254.5523682,259.1635132,251.699234,-1.635938525,-1.513325214,9.522759438,1016.376038,12.04520702,0.005256691,1,0,1,1,0,0,0,0,0,0,0,0,0,0,0,0,0,0,0,0,0,0,0,0,0,0,0,0,0,0,0,0
0,5,pin_5,19.529088,85.147553,217.5,299.5,27-12-2017,04:30:10,0.102612019,0.106103763,0.106587872,0.111490816,0.115418747,0.121983133,0.09093824,0.082514241,0.080409691,0.079520494,0.064213693,0.049536601,0.008005979,0.02163529,0.042414345,0.047900349,0.040310912,0.038555674,0.029043123,0.011912208,0.033384364,0.218172744,0.207153842,0.182530016,0.160556763,0.156368628,0.14897196,0.110616401,0.097662278,0.094864503,0.093371749,0.077691935,0.059626948,0.01902671,0.032034263,0.052000482,0.056777172,0.046238571,0.043987524,0.034270305,0.016535264,0.03648901,2147483647,19.52866364,85.14771271,102.5450668,2.935465097,146.6504974,50.57355881,293.9169312,291.3261719,290.3360596,289.7201843,288.886322,287.2044373,281.9700623,276.1386414,266.9858704,255.0225525,238.8011169,229.6069641,218.2058258,207.7634735,195.4288483,195.3510284,207.0890198,215.9712372,219.2733459,233.7533112,239.323349,240.3286438,254.5252075,259.2321167,251.6503296,-1.523203969,-1.565975308,9.94107151,1016.356812,12.32544899,0.005255233,1,0,1,1,0,0,0,0,0,0,0,0,0,0,0,0,0,0,0,0,0,0,0,0,0,0,0,0,0,0,0,0
0,6,pin_6,19.523266,85.132998,212.5,301.5,27-12-2017,04:30:10,0.105135866,0.106526054,0.107142858,0.112980761,0.115195483,0.120821126,0.093297832,0.085044324,0.083471328,0.081914939,0.066156812,0.051018178,0.008560383,0.02152303,0.043737814,0.049608208,0.041659679,0.039875608,0.02966769,0.011927609,0.033786219,0.220004663,0.207575858,0.183050662,0.161867574,0.156233087,0.147962824,0.112842441,0.100081831,0.097795159,0.095671922,0.079588525,0.061072417,0.019574041,0.031936638,0.053294681,0.058446925,0.047568828,0.04529101,0.034890343,0.016555225,0.036890414,2147483647,19.52356529,85.13330841,102.5491486,3.043473244,146.6345978,50.57647705,294.0059814,291.2987976,290.3104553,289.724823,288.8745117,287.2059326,281.9818115,276.1403809,266.9833069,255.021286,238.8001099,229.6111298,218.2058258,207.7580719,195.4282379,195.3551331,207.0860138,215.974762,219.2705841,233.7536774,239.3264313,240.3322144,254.5205231,259.229248,251.6415405,-1.481189251,-1.485602021,10.05705547,1016.352478,12.41072178,0.005254736,1,0,1,1,0,0,0,0,0,0,0,0,0,0,0,0,0,0,0,0,0,0,0,0,0,0,0,0,0,0,0,0
0,7,pin_7,19.651343,85.188304,231.5,257.5,27-12-2017,04:30:10,0.103314124,0.105334759,0.10720928,0.111843728,0.115948536,0.124678299,0.093465284,0.083373651,0.082039908,0.080842681,0.06591446,0.050158132,0.0082206,0.021211324,0.042958945,0.048655022,0.04097531,0.039502516,0.028861035,0.01182764,0.033586685,0.21857968,0.206561029,0.182965979,0.160827234,0.156802565,0.151387602,0.112965874,0.098472945,0.096410908,0.0946282,0.079265617,0.060227029,0.019234397,0.031623531,0.052527532,0.057509329,0.046890017,0.044917747,0.034090973,0.016452011,0.036689207,2147483647,19.65110588,85.18747711,102.5446777,2.849216461,146.7360992,50.65987396,293.7419434,291.3825378,290.4522095,289.7855835,288.9945068,287.21521,281.8860474,276.1060486,266.9567871,254.9917755,238.7792969,229.4236603,218.1689606,207.8214874,195.5187531,195.2836914,207.1233673,216.1162109,219.2397614,233.6918335,239.3156738,240.5040741,254.6067657,258.9902954,251.7855835,-1.614898086,-1.146922708,9.179735184,1016.404236,11.65123844,0.005258928,1,0,1,1,0,0,0,0,0,0,0,0,0,0,0,0,0,0,0,0,0,0,0,0,0,0,0,0,0,0,0,0
0,8,pin_8,19.625145,85.194126,233.5,266.5,27-12-2017,04:30:10,0.120175652,0.118780389,0.113664605,0.114263877,0.115359366,0.121515259,0.087074988,0.077383526,0.075750746,0.074704133,0.060746521,0.048857797,0.007676396,0.020885244,0.042100113,0.046860535,0.040020306,0.038044371,0.028132653,0.012047772,0.034916773,0.217899472,0.205810964,0.180852324,0.158667415,0.152869463,0.146356285,0.105649978,0.091801308,0.089495301,0.087887645,0.073611021,0.058395796,0.018158846,0.030768165,0.051164594,0.05526758,0.04563329,0.043194067,0.03310369,0.016442787,0.037845042,2147483647,19.62505531,85.19445038,102.5397491,2.741189957,146.7328491,50.63363647,293.6122437,291.3896179,290.4613953,289.7645874,288.9811096,287.1959534,281.8893127,276.1121216,266.967041,255.0024414,238.7867279,229.467041,218.1762848,207.8049774,195.487442,195.3078613,207.1207581,216.0778503,219.2519989,233.7032623,239.3203888,240.4514618,254.5926819,259.061615,251.7670135,-1.694900393,-1.368570566,9.148664474,1016.404114,11.73375416,0.005258543,1,0,1,1,0,0,0,0,0,0,0,0,0,0,0,0,0,0,0,0,0,0,0,0,0,0,0,0,0,0,0,0
0,9,pin_9,19.601859,85.185393,230.5,274.5,27-12-2017,04:30:10,0.121403061,0.118559189,0.113891527,0.114999369,0.117110461,0.123189256,0.089974284,0.080163598,0.078577466,0.077245757,0.063341305,0.049178638,0.007673678,0.020809006,0.042212527,0.047735874,0.039906386,0.038722444,0.028587766,0.012197226,0.031588975,0.218695343,0.205628991,0.181004018,0.159266844,0.154359758,0.147856474,0.108346239,0.094432682,0.092178434,0.090305187,0.075940251,0.058702961,0.018152768,0.030691054,0.051270474,0.056115169,0.045519557,0.043858759,0.033549637,0.016588606,0.034548398,2147483647,19.60223198,85.18636322,102.5399399,2.762782097,146.7162476,50.61788177,293.6169739,291.3594971,290.4745789,289.7636719,288.9590759,287.1890564,281.9058838,276.1163635,266.9720154,255.0109406,238.7907257,229.5011902,218.1822205,207.7939758,195.4685822,195.325119,207.1129303,216.0510712,219.2578583,233.7100677,239.3237305,240.4168701,254.5785065,259.1045837,251.7446289,-1.711644411,-1.468116403,9.197010994,1016.394958,11.81885719,0.00525804,1,0,1,1,0,0,0,0,0,0,0,0,0,0,0,0,0,0,0,0,0,0,0,0,0,0,0,0,0,0,0,0
0,10,pin_10,19.601859,85.17375,226.5,274.5,27-12-2017,04:30:10,0.104744397,0.105745479,0.105375424,0.110267155,0.113575138,0.120823227,0.088582635,0.079650395,0.077925794,0.076481186,0.062896147,0.049380716,0.006897752,0.020980744,0.041712966,0.047653373,0.040288068,0.03869151,0.028753692,0.012065295,0.034388404,0.219546139,0.206855729,0.181570783,0.159512237,0.154766962,0.147913054,0.108413041,0.094940946,0.092497557,0.090470463,0.076367825,0.059473909,0.017954016,0.031399146,0.05131853,0.05653533,0.046215061,0.044120066,0.033984818,0.016685633,0.037482873,2147483647,19.60232544,85.17318726,102.5441437,2.870796442,146.703537,50.62467575,293.6821289,291.3234558,290.4837036,289.7777405,288.9498596,287.1890259,281.9144897,276.1153259,266.9682007,255.010498,238.7888794,229.4976349,218.1802979,207.7918701,195.471405,195.3284302,207.109726,216.0598145,219.2540894,233.7041626,239.3275757,240.4263153,254.577301,259.089386,251.7429657,-1.697580934,-1.394847512,9.21758461,1016.3927,11.82265091,0.005257816,1,0,1,1,0,0,0,0,0,0,0,0,0,0,0,0,0,0,0,0,0,0,0,0,0,0,0,0,0,0,0,0
0,11,pin_11,19.695005,85.211591,239.5,242.5,27-12-2017,04:30:10,0.120973431,0.121493526,0.116198808,0.116878748,0.11890322,0.124176987,0.095420226,0.085772745,0.084067069,0.083150014,0.067862317,0.051851224,0.009331025,0.022404762,0.044994149,0.050668769,0.042881947,0.04088752,0.030083811,0.012371776,0.035541464,0.218448415,0.20773077,0.182803303,0.160865411,0.155923337,0.148764089,0.113438144,0.099764265,0.097410262,0.095943391,0.080510445,0.061296951,0.019763723,0.032243852,0.053975057,0.058971811,0.048444144,0.045991108,0.035025265,0.01676427,0.03846515,2147483647,19.69514084,85.21118927,102.541954,2.74126792,146.7759247,50.68616486,293.7658691,291.4382935,290.4443359,289.8059387,289.039856,287.2431335,281.8610229,276.0967712,266.9485168,254.9783325,238.7715149,229.3591003,218.1613159,207.8557281,195.5613251,195.2387543,207.1363678,216.1587219,219.2260284,233.6862793,239.2966919,240.5651703,254.6385498,258.9102783,251.8251953,-1.520573616,-0.972700715,9.123165131,1016.403687,11.52724648,0.005260556,1,0,1,1,0,0,0,0,0,0,0,0,0,0,0,0,0,0,0,0,0,0,0,0,0,0,0,0,0,0,0,0
0,12,pin_12,19.715381,85.217413,241.5,235.5,27-12-2017,04:30:10,0.116855331,0.115969636,0.110044055,0.108965442,0.109793603,0.110345162,0.082152463,0.074268319,0.073534876,0.072629288,0.059188038,0.048714086,0.007786304,0.02023235,0.042107534,0.046982609,0.040184792,0.038595233,0.029109275,0.011992225,0.034229714,0.215686947,0.203856289,0.1781075,0.154257745,0.14810802,0.136302307,0.101071976,0.088855408,0.087396018,0.085917801,0.072007254,0.058262344,0.018271662,0.03014225,0.0511772,0.055391178,0.045798119,0.043738652,0.034067385,0.016390856,0.037166424,2147483647,19.71590805,85.21614838,102.5426483,2.741300106,146.7886658,50.70173264,293.803894,291.4521179,290.4453125,289.8195801,289.0573425,287.2563477,281.853302,276.0919189,266.9429016,254.9716797,238.7668915,229.3270569,218.1568756,207.8710632,195.5830536,195.2189941,207.1408386,216.183136,219.2177887,233.681015,239.2894135,240.598465,254.6528625,258.865387,251.8428955,-1.465471387,-0.858433247,9.106363297,1016.403076,11.46929169,0.005261206,1,0,1,1,0,0,0,0,0,0,0,0,0,0,0,0,0,0,0,0,0,0,0,0,0,0,0,0,0,0,0,0
0,13,pin_13,19.753222,85.266897,258.5,222.5,27-12-2017,04:30:10,0.119997472,0.11986462,0.117129318,0.119972765,0.119109839,0.117866322,0.091781139,0.083938628,0.082807198,0.081155933,0.065353058,0.048408877,0.007459707,0.020342676,0.041047849,0.0467375,0.038867444,0.037228696,0.027428029,0.011270043,0.030386759,0.218186751,0.206938833,0.183786169,0.163635805,0.156257585,0.143183276,0.110116333,0.098078363,0.096263096,0.094091408,0.078071654,0.057998471,0.017986089,0.030278744,0.050178986,0.055180587,0.044523489,0.042411961,0.032429092,0.015692003,0.033370059,2147483647,19.75401497,85.26752472,102.5305786,2.395700693,146.852951,50.70885849,293.6152954,291.5413208,290.5039368,289.8395691,289.1078491,287.2526855,281.8211365,276.0783691,266.9415283,254.9699097,238.7629242,229.2776031,218.1553802,207.9020844,195.6068268,195.1871796,207.1629791,216.2018127,219.2063446,233.6884918,239.2614288,240.6210022,254.6890106,258.8403931,251.8910828,-1.400073528,-0.939301133,8.796332359,1016.394897,11.40211105,0.005263615,1,0,1,1,0,0,0,0,0,0,0,0,0,0,0,0,0,0,0,0,0,0,0,0,0,0,0,0,0,0,0,0
0,14,pin_14,19.78233,85.328024,279.5,212.5,27-12-2017,04:30:10,0.119585812,0.119424753,0.117232926,0.11939285,0.118331499,0.117102556,0.095346741,0.088692799,0.08728236,0.08619225,0.069978714,0.050305668,0.008222742,0.020920638,0.043209948,0.049013365,0.040296331,0.038902871,0.028499043,0.012212908,0.031425506,0.218410224,0.207075492,0.184206873,0.163380265,0.155784741,0.142629027,0.113529749,0.102655321,0.100583471,0.098953314,0.082541436,0.059873708,0.018761909,0.030875707,0.052312292,0.05742671,0.045948301,0.04407816,0.033501837,0.016637405,0.03441032,2147483647,19.78216934,85.32710266,102.4827576,1.963575363,146.9213867,50.70320892,293.4605713,291.5652771,290.5488586,289.8925781,289.1381226,287.2311707,281.775177,276.0617676,266.9454346,254.9674377,238.7626495,229.2467499,218.1611633,207.9252014,195.6247253,195.1636963,207.1858063,216.2012024,219.1972198,233.7163849,239.2270966,240.6244965,254.7052612,258.8511963,251.9341888,-1.309749842,-1.035634279,8.430565834,1016.385681,11.29331398,0.005265058,1,0,1,1,0,0,0,0,0,0,0,0,0,0,0,0,0,0,0,0,0,0,0,0,0,0,0,0,0,0,0,0
0,15,pin_15,19.793974,85.342578,284.5,208.5,27-12-2017,04:30:10,0.113908865,0.113669015,0.109350495,0.10857334,0.107669279,0.10556414,0.085371748,0.078392103,0.07699775,0.076691799,0.062806256,0.047423672,0.007558004,0.020184696,0.040447965,0.046060812,0.03858513,0.036967605,0.027482873,0.011459783,0.031963333,0.214724749,0.203147322,0.178272799,0.154397354,0.146684185,0.132270798,0.104252376,0.092901014,0.090816982,0.089911863,0.07565695,0.057095099,0.01812898,0.030172912,0.04964374,0.05456686,0.044275023,0.042181376,0.03250733,0.015899355,0.034945901,2147483647,19.79503632,85.34339905,102.4435959,1.855427623,146.9421082,50.70619965,293.5142517,291.570343,290.5467224,289.9060974,289.1440735,287.225647,281.758728,276.0557861,266.9453735,254.9626312,238.7607727,229.22995,218.1634369,207.9334717,195.6388702,195.1506042,207.1945953,216.2049255,219.1921844,233.7274323,239.2143555,240.6370697,254.7058258,258.8450012,251.9495392,-1.233602643,-0.993194222,8.35743618,1016.381714,11.22798347,0.005265053,1,0,1,1,0,0,0,0,0,0,0,0,0,0,0,0,0,0,0,0,0,0,0,0,0,0,0,0,0,0,0,0
0,16,pin_16,19.828904,85.456101,323.5,196.5,27-12-2017,04:30:10,0.115392752,0.116082646,0.115521826,0.121698074,0.124846905,0.134259671,0.128576353,0.126705751,0.124933124,0.124526516,0.114920773,0.075632438,0.013845749,0.033819448,0.064637952,0.075687036,0.054603312,0.050672214,0.035933226,0.012744067,0.031873431,0.216696933,0.205710933,0.183651105,0.165812716,0.161811724,0.158396944,0.14475356,0.138916239,0.136588484,0.135683566,0.127040476,0.084486485,0.024281546,0.043447524,0.073182315,0.083439074,0.060041528,0.05569439,0.040857118,0.017195828,0.034879141,2147483647,19.82791328,85.45700836,102.133316,0.990176857,147.0648804,50.67754364,293.5847778,291.6114807,290.6043701,289.940033,289.1850281,287.2221069,281.6741028,276.059845,266.9642334,254.9609222,238.7655487,229.2000427,218.1780396,207.9703369,195.6484985,195.1232758,207.2351685,216.1593781,219.1837158,233.7767334,239.1647644,240.6156769,254.7241974,258.9049072,252.0294495,-0.934176385,-1.137997985,8.354397774,1016.345886,11.22741604,0.005266325,1,0,1,1,0,0,0,0,0,0,0,0,0,0,0,0,0,0,0,0,0,0,0,0,0,0,0,0,0,0,0,0
0,17,pin_17,19.81726,85.38333,298.5,200.5,27-12-2017,04:30:10,0.104775585,0.102578029,0.091713555,0.082609557,0.079410888,0.076118618,0.063332684,0.057191551,0.056543354,0.056294929,0.065368935,0.050608166,0.008067248,0.02147167,0.043411411,0.049292102,0.039975565,0.038162842,0.02809811,0.011909582,0.031886738,0.208938524,0.195674121,0.165060297,0.132905379,0.122617818,0.105888896,0.083788313,0.072855152,0.071422219,0.070525907,0.078217477,0.060203459,0.018647181,0.031444132,0.052542046,0.057729978,0.045654733,0.043370117,0.033125546,0.016353628,0.034877952,2147483647,19.81655884,85.38291931,102.3423691,1.574232936,146.9886475,50.70501709,293.5793762,291.5795898,290.5584412,289.9318542,289.1587219,287.2197266,281.7236023,276.0498962,266.9484863,254.9567566,238.7593079,229.2041931,218.1686401,207.9500885,195.657547,195.1305084,207.2120667,216.2023621,219.1842499,233.749176,239.1902924,240.6490173,254.7103119,258.8467712,251.9824066,-1.089526296,-0.966118574,8.272903442,1016.3703,11.15459251,0.00526538,1,0,1,1,0,0,0,0,0,0,0,0,0,0,0,0,0,0,0,0,0,0,0,0,0,0,0,0,0,0,0,0
0,18,pin_18,19.820171,85.409527,307.5,199.5,27-12-2017,04:30:10,0.108881235,0.109420478,0.103057362,0.101415604,0.101112597,0.103129037,0.09029524,0.086292736,0.085344546,0.084604487,0.0776131,0.053427737,0.008646976,0.02276657,0.045825861,0.052389923,0.040611692,0.039126575,0.02874154,0.011727914,0.030079862,0.211877108,0.200634703,0.173828065,0.148660928,0.141265497,0.13021788,0.108932957,0.100463338,0.098820612,0.097516581,0.090053521,0.062945746,0.019219564,0.03270971,0.054895759,0.060752157,0.046286479,0.044324204,0.033764679,0.016179672,0.033092525,2147483647,19.8215332,85.41053772,102.2648926,1.35791564,147.0173492,50.69541931,293.5894775,291.59021,290.5738525,289.9364014,289.1683044,287.2192383,281.7046204,276.0525208,266.9541016,254.9576569,238.7613678,229.2015839,218.1722565,207.9578552,195.6556244,195.1267395,207.2209625,216.1871185,219.1837921,233.7602234,239.1800232,240.6381226,254.7149353,258.8673706,252.0000458,-1.0311867,-1.017652631,8.286958694,1016.361267,11.16769409,0.005265673,1,0,1,1,0,0,0,0,0,0,0,0,0,0,0,0,0,0,0,0,0,0,0,0,0,0,0,0,0,0,0,0
0,19,pin_19,19.823082,85.485209,333.5,198.5,27-12-2017,04:30:10,0.107194267,0.106956586,0.102346547,0.100161016,0.100887343,0.105428763,0.101301342,0.096294582,0.094267853,0.094910681,0.109775335,0.091292009,0.018726472,0.041762505,0.079267852,0.092546776,0.075425982,0.070527121,0.051078256,0.016435312,0.042638406,0.211480752,0.199561,0.173785374,0.147948697,0.141357392,0.132483065,0.119327307,0.11005266,0.10740418,0.107434288,0.12188635,0.099689759,0.029023424,0.05116412,0.087410316,0.099870637,0.080510654,0.075240798,0.055774402,0.020842887,0.045548219,2147483647,19.82456017,85.48527527,102.0477219,0.75222975,147.0910645,50.6603508,293.5728149,291.6291199,290.62323,289.9309082,289.1940918,287.223999,281.6595459,276.0678711,266.9728088,254.9658813,238.7702026,229.210144,218.1818542,207.9749451,195.6342163,195.1275787,207.2417297,216.1321411,219.1876526,233.7847137,239.1596985,240.5883331,254.7297363,258.942688,252.0428619,-0.908218086,-1.251886368,8.428647041,1016.335999,11.29228401,0.005266613,1,0,1,1,0,0,0,0,0,0,0,0,0,0,0,0,0,0,0,0,0,0,0,0,0,0,0,0,0,0,0,0
0,20,pin_20,19.799795,85.485209,333.5,206.5,27-12-2017,04:30:10,0.10571672,0.104005478,0.098400466,0.095636129,0.095319793,0.095722631,0.086643249,0.082874775,0.081589572,0.081285365,0.078807004,0.061252095,0.01079737,0.026570166,0.05302741,0.060833286,0.051080413,0.048914693,0.035614744,0.013257874,0.036051732,0.210523531,0.197521761,0.170796886,0.144186333,0.136596486,0.123755045,0.105660744,0.097319916,0.095342517,0.094441883,0.091344297,0.070579678,0.021354876,0.036447775,0.061936006,0.069011576,0.056595642,0.053977974,0.040554784,0.017711297,0.039023813,2147483647,19.80012131,85.48468018,102.0301056,0.708925486,147.0812073,50.63929367,293.5798645,291.6369324,290.6159058,289.8972778,289.188324,287.2167053,281.6726074,276.0756226,266.980835,254.9738464,238.7770538,229.2478485,218.183609,207.9642944,195.6032867,195.1470642,207.2349091,216.0961609,219.2016754,233.7808533,239.1721802,240.5434723,254.7263489,258.994812,252.0254669,-1.041148067,-1.335848212,8.463148117,1016.334167,11.32282543,0.005265872,1,0,1,1,0,0,0,0,0,0,0,0,0,0,0,0,0,0,0,0,0,0,0,0,0,0,0,0,0,0,0,0
0,21,pin_21,19.788152,85.502674,339.5,210.5,27-12-2017,04:30:10,0.107952662,0.106867321,0.103020079,0.101597898,0.101597711,0.105248928,0.096915133,0.09193895,0.090353332,0.08967793,0.102160878,0.081456102,0.0162316,0.036361739,0.070590742,0.081804387,0.06250719,0.057664365,0.041634474,0.013307823,0.034713324,0.212040782,0.199542746,0.174329281,0.149165422,0.141980931,0.13233085,0.115240864,0.105921961,0.103681967,0.102445923,0.114671201,0.090154827,0.026610369,0.045931797,0.078983985,0.089413479,0.067817494,0.062583968,0.046478506,0.017760361,0.037698179,2147483647,19.78799438,85.5029068,101.8050766,0.679756522,147.0943451,50.61952209,293.6295166,291.6274414,290.599823,289.8904114,289.1885376,287.2055664,281.6674805,276.0828857,266.9893188,254.9776306,238.782608,229.2706146,218.1870728,207.9624939,195.5844879,195.1543884,207.2380219,216.0590363,219.2093964,233.7880554,239.1721954,240.5126343,254.7240143,259.0406494,252.0246735,-1.144480944,-1.375939846,8.48234272,1016.324158,11.30185986,0.00526548,1,0,1,1,0,0,0,0,0,0,0,0,0,0,0,0,0,0,0,0,0,0,0,0,0,0,0,0,0,0,0,0
0,22,pin_22,19.785241,85.534693,350.5,211.5,27-12-2017,04:30:10,0.100766093,0.100137196,0.095409349,0.094052143,0.093431704,0.09655714,0.087485231,0.083052725,0.081667624,0.081151247,0.077903397,0.060437009,0.010632955,0.026503766,0.052071389,0.059995782,0.049332585,0.046713565,0.03375306,0.012726021,0.034990922,0.207227692,0.194828361,0.16852589,0.142868668,0.134981304,0.124506705,0.106445618,0.097488485,0.095416479,0.094313718,0.090597726,0.069789752,0.021194248,0.036382176,0.061007708,0.068196669,0.054879166,0.051813029,0.038722485,0.0171864,0.037972771,2147483647,19.78667068,85.53430176,100.875824,0.685836136,147.1244049,50.60257339,293.7158508,291.6027222,290.5756226,289.9064331,289.1931763,287.191864,281.6484985,276.0892944,266.9972534,254.9775391,238.7866364,229.2796021,218.1914978,207.9678955,195.5771637,195.1511688,207.2488556,216.0239258,219.2112885,233.8035431,239.1623077,240.4961395,254.7223663,259.0773315,252.0369263,-1.220022559,-1.371456861,8.490522385,1016.308167,11.23911953,0.005265385,1,0,1,1,0,0,0,0,0,0,0,0,0,0,0,0,0,0,0,0,0,0,0,0,0,0,0,0,0,0,0,0
0,23,pin_23,19.78233,85.555069,357.5,212.5,27-12-2017,04:30:10,0.106032856,0.105867594,0.103430957,0.105716489,0.107250653,0.11420384,0.10667415,0.102836512,0.101504393,0.101170845,0.093419209,0.061595187,0.010685608,0.026180031,0.053173378,0.061107308,0.045257561,0.041779507,0.029535763,0.010610892,0.030210141,0.210775718,0.1988599,0.174653739,0.152609378,0.146833345,0.140399516,0.12434952,0.116270408,0.114299573,0.113413244,0.106104866,0.070912026,0.021245405,0.036069069,0.062077485,0.069278091,0.050879329,0.046962291,0.034573913,0.015101974,0.033238415,2147483647,19.78232574,85.55439758,98.01068878,0.689884186,147.142334,50.58866501,293.7743225,291.586792,290.5578308,289.9125366,289.1951599,287.1815491,281.638092,276.0944824,267.0035095,254.9785156,238.7901764,229.290802,218.1946106,207.9698029,195.5681915,195.1517181,207.2549286,215.9959869,219.2144928,233.8131104,239.1576691,240.4794159,254.7205963,259.1083069,252.0421753,-1.291135669,-1.377422929,8.498096466,1016.297485,11.19910145,0.005265206,1,0,1,1,0,0,0,0,0,0,0,0,0,0,0,0,0,0,0,0,0,0,0,0,0,0,0,0,0,0,0,0
0,24,pin_24,19.764865,85.543426,353.5,218.5,27-12-2017,04:30:10,0.109679572,0.107917622,0.105685204,0.107968509,0.110022053,0.116921425,0.105615184,0.10068129,0.098704152,0.098380417,0.092669263,0.060234871,0.010029146,0.025899153,0.051303051,0.059228096,0.044171877,0.041024249,0.029967055,0.011069024,0.029689629,0.2132065,0.200284019,0.176363394,0.154482901,0.149204955,0.142844141,0.123357929,0.114221059,0.111630574,0.110747762,0.105280302,0.069593377,0.020609254,0.035795767,0.060261626,0.067449689,0.049812902,0.046219096,0.034997474,0.015552883,0.032722581,2147483647,19.76578712,85.54248047,99.71361542,0.688359439,147.1244507,50.5802002,293.7442322,291.5994263,290.5565491,289.8845215,289.1878052,287.1802979,281.6529541,276.0979614,267.0060425,254.9833984,238.7932129,229.3141174,218.1947327,207.9598846,195.550705,195.1652832,207.2461395,215.9825287,219.2237091,233.8068695,239.1684723,240.4559174,254.7158661,259.1296692,252.0242157,-1.380241036,-1.433210373,8.500452995,1016.301758,11.22072601,0.005264689,1,0,1,1,0,0,0,0,0,0,0,0,0,0,0,0,0,0,0,0,0,0,0,0,0,0,0,0,0,0,0,0
0,25,pin_25,19.750311,85.520139,345.5,223.5,27-12-2017,04:30:10,0.113975532,0.11405167,0.114772543,0.121415816,0.124527454,0.135055929,0.128600791,0.127676174,0.125508368,0.125709206,0.113127381,0.072310142,0.013446487,0.031731695,0.062033825,0.071990311,0.051107865,0.046285074,0.033187695,0.011433068,0.029240945,0.216084316,0.204583049,0.183300421,0.165722355,0.161660925,0.159200624,0.144831464,0.139880508,0.137175962,0.136851192,0.125768572,0.081289396,0.023914099,0.041444387,0.070674591,0.079861678,0.056621499,0.051391166,0.038165715,0.015911618,0.032278255,2147483647,19.75142288,85.52051544,101.132164,0.684803724,147.0976105,50.57870102,293.6835327,291.6218872,290.5655518,289.8535461,289.1784363,287.184082,281.6742554,276.09729,267.0049744,254.9872589,238.7949524,229.3316193,218.1929932,207.9499512,195.538269,195.1775665,207.2338867,215.9837646,219.2308197,233.7963715,239.1806793,240.4404297,254.7115631,259.135376,252.0039215,-1.436085582,-1.511627436,8.503192902,1016.311829,11.27595711,0.005264276,1,0,1,1,0,0,0,0,0,0,0,0,0,0,0,0,0,0,0,0,0,0,0,0,0,0,0,0,0,0,0,0
0,26,pin_26,19.738668,85.491031,335.5,227.5,27-12-2017,04:30:10,0.118228346,0.119738594,0.121988177,0.128316909,0.132126465,0.143061414,0.140369043,0.14195098,0.140713781,0.141270623,0.129007518,0.086745322,0.016956333,0.039397895,0.075047202,0.087132707,0.06132808,0.054770671,0.038814917,0.01260483,0.031975497,0.218927458,0.20856601,0.188810036,0.171493143,0.168190598,0.166427076,0.155837774,0.153465807,0.151685163,0.151733354,0.14171052,0.095280409,0.027308034,0.048870627,0.083309703,0.094598494,0.06665761,0.059735861,0.043702107,0.017065993,0.034985788,2147483647,19.73868752,85.49102783,101.8075714,0.679717541,147.0640411,50.58242416,293.6047058,291.6354065,290.573822,289.8278198,289.1664429,287.1911621,281.6988525,276.094574,267.0015259,254.9908142,238.7952423,229.3449402,218.1902161,207.9376678,195.5290375,195.1894684,207.2207184,215.9946442,219.2365417,233.7828827,239.1954956,240.4316254,254.7076416,259.131958,251.9813995,-1.465982556,-1.581550598,8.505628586,1016.325989,11.34877968,0.005263917,1,0,1,1,0,0,0,0,0,0,0,0,0,0,0,0,0,0,0,0,0,0,0,0,0,0,0,0,0,0,0,0
0,27,pin_27,19.721203,85.45319,322.5,233.5,27-12-2017,04:30:10,0.116302975,0.117004715,0.115689352,0.118033819,0.11981222,0.126878142,0.122335389,0.123237476,0.121831335,0.12175943,0.116607651,0.084834591,0.017063513,0.038213518,0.073654085,0.085293531,0.062520243,0.057028152,0.039919101,0.013342029,0.033260096,0.21745187,0.206483036,0.183868185,0.162804052,0.157533035,0.151768818,0.13894017,0.135632545,0.133644626,0.133052424,0.129029915,0.09341307,0.027397349,0.047708932,0.081942916,0.092795037,0.067820244,0.061948847,0.044781502,0.017786451,0.036253583,2147483647,19.72237396,85.45276642,102.0708313,0.816998601,147.0206146,50.58748627,293.5033875,291.6186523,290.5579834,289.8144531,289.1430054,287.1999817,281.7265015,276.0943298,266.99646,254.9937439,238.7950592,229.3629913,218.187973,207.9186096,195.5205688,195.201416,207.2055969,216.0046539,219.242981,233.772171,239.2119904,240.4268799,254.6937256,259.1254272,251.9487457,-1.565791965,-1.659901738,8.52100563,1016.341553,11.42197037,0.00526354,1,0,1,1,0,0,0,0,0,0,0,0,0,0,0,0,0,0,0,0,0,0,0,0,0,0,0,0,0,0,0,0
0,28,pin_28,19.709559,85.424082,312.5,237.5,27-12-2017,04:30:10,0.1236699,0.123613879,0.125426084,0.130864173,0.133502126,0.143635049,0.14277035,0.146680593,0.147281632,0.147602886,0.133656219,0.09650562,0.019996503,0.043551497,0.084463745,0.098248616,0.071196683,0.064487405,0.045336597,0.013562345,0.034455322,0.222166315,0.210916564,0.191154778,0.17343393,0.169209912,0.166832671,0.158010751,0.157914266,0.157904133,0.157743156,0.145921841,0.104713678,0.030217217,0.052864481,0.092427477,0.105395272,0.076334424,0.069278426,0.050104618,0.017996097,0.037431866,2147483647,19.70961189,85.42327881,102.1477814,1.033305407,146.9871216,50.59125137,293.4427185,291.5964355,290.5375977,289.8094177,289.1253967,287.2046814,281.7466125,276.0968628,266.9927979,254.9954987,238.7949982,229.3778839,218.186142,207.9043884,195.514328,195.2111816,207.1943817,216.0106354,219.2471008,233.7642212,239.2247009,240.4263153,254.6819153,259.1187134,251.9230804,-1.662324548,-1.686384559,8.562078476,1016.350769,11.46454048,0.00526331,1,0,1,1,0,0,0,0,0,0,0,0,0,0,0,0,0,0,0,0,0,0,0,0,0,0,0,0,0,0,0,0
0,29,pin_29,19.700827,85.394973,302.5,240.5,27-12-2017,04:30:10,0.116189964,0.116182297,0.115603969,0.119003125,0.121573038,0.12579602,0.101997867,0.094621003,0.093797468,0.092157386,0.073292248,0.049466349,0.007771766,0.021105194,0.042154048,0.048472919,0.038884223,0.037478536,0.027358562,0.011194746,0.029226527,0.216891125,0.205473259,0.183472008,0.163392723,0.158856556,0.15066275,0.119860969,0.108375877,0.106872946,0.104727648,0.085854717,0.059115138,0.018374918,0.031103361,0.051337857,0.056948464,0.044592906,0.042705726,0.032405481,0.015654851,0.032248206,2147483647,19.70203972,85.39505005,102.225029,1.249627233,146.9568176,50.59892654,293.3995972,291.5794067,290.5229187,289.8070068,289.112793,287.2085876,281.7637634,276.0979614,266.9883118,254.9960785,238.7936707,229.384964,218.1836548,207.8935699,195.5132141,195.2188416,207.1851807,216.024231,219.2481079,233.7550964,239.2360687,240.4339142,254.6740417,259.1033936,251.9030151,-1.703186274,-1.670727491,8.608281136,1016.359924,11.49915409,0.005263177,1,0,1,1,0,0,0,0,0,0,0,0,0,0,0,0,0,0,0,0,0,0,0,0,0,0,0,0,0,0,0,0
0,30,pin_30,19.695005,85.377508,296.5,242.5,27-12-2017,04:30:10,0.117452033,0.118143834,0.115973912,0.119156308,0.120249957,0.123077534,0.104357682,0.097740524,0.096545115,0.095724672,0.077014148,0.051731829,0.008498288,0.022328565,0.044705935,0.050313633,0.040673189,0.038178209,0.028650453,0.011641816,0.030329624,0.217590064,0.2067184,0.183653206,0.16345264,0.157661662,0.148171112,0.12203712,0.111318,0.109470129,0.108113386,0.089758828,0.061295919,0.019066196,0.032276686,0.053801585,0.058726907,0.046341684,0.043387309,0.03367047,0.016090676,0.033337049,2147483647,19.69490242,85.37748718,102.2713013,1.379419923,146.9370422,50.60158539,293.3726196,291.5692139,290.5110474,289.8025208,289.103302,287.2095337,281.7745667,276.0993958,266.9864502,254.9970093,238.7934723,229.3932953,218.1828156,207.8851166,195.5100098,195.2256165,207.179184,216.0292969,219.2499542,233.7504425,239.2438965,240.4345551,254.6672058,259.0999756,251.8884277,-1.731518507,-1.672813535,8.64513588,1016.365784,11.52629948,0.00526299,1,0,1,1,0,0,0,0,0,0,0,0,0,0,0,0,0,0,0,0,0,0,0,0,0,0,0,0,0,0,0,0
0,31,pin_31,19.692094,85.354222,288.5,243.5,27-12-2017,04:30:10,0.117179647,0.116290219,0.112265036,0.114684053,0.114406049,0.112911977,0.091512606,0.084412381,0.082895316,0.082161382,0.066675492,0.047965009,0.007686329,0.020314593,0.041326828,0.046400595,0.038461339,0.036412466,0.02732732,0.011402847,0.031350154,0.217185602,0.205219373,0.180668503,0.159612328,0.15255703,0.138949543,0.110014863,0.098638818,0.096452028,0.095150299,0.079561174,0.057633437,0.018264895,0.030310949,0.050508991,0.054909606,0.044161499,0.041642953,0.032360781,0.01584827,0.034342628,2147483647,19.69198036,85.35301971,102.3410416,1.574115753,146.9121704,50.61142349,293.3427124,291.5594177,290.5046692,289.8013916,289.0960388,287.2123108,281.7879944,276.0993958,266.981781,254.9967346,238.7912445,229.3937683,218.1800079,207.8780823,195.5127258,195.2312775,207.1722565,216.0475006,219.2483978,233.7409973,239.2531738,240.4473419,254.6634979,259.0794678,251.8748474,-1.726141691,-1.628229022,8.687943459,1016.374084,11.55162525,0.005262956,1,0,1,1,0,0,0,0,0,0,0,0,0,0,0,0,0,0,0,0,0,0,0,0,0,0,0,0,0,0,0,0
0,32,pin_32,19.680451,85.328024,279.5,247.5,27-12-2017,04:30:10,0.110237375,0.10946808,0.101327389,0.098646894,0.096317135,0.091526046,0.074732751,0.068874434,0.067796074,0.067051373,0.057798047,0.045871355,0.006926668,0.018774657,0.038907897,0.044299975,0.037292492,0.035500813,0.027117029,0.011121222,0.029630762,0.212351024,0.200275868,0.172201633,0.146140441,0.136975512,0.119654223,0.094346896,0.083882116,0.082073361,0.080730334,0.070846751,0.055594247,0.017517952,0.028807918,0.048151355,0.052857053,0.043007031,0.040740065,0.032147527,0.015565407,0.032636158,2147483647,19.68072891,85.32920074,102.4026871,1.747159958,146.8847504,50.61367416,293.3059692,291.5508423,290.4898987,289.7902527,289.0830078,287.2106628,281.8022156,276.1018982,266.9802551,254.9984741,238.791275,229.4077148,218.1794891,207.8653107,195.5067444,195.2432098,207.1642914,216.0532227,219.2512512,233.735321,239.2645874,240.4455872,254.6531982,259.079895,251.8543243,-1.744801998,-1.633233428,8.747545242,1016.382996,11.59332371,0.00526259,1,0,1,1,0,0,0,0,0,0,0,0,0,0,0,0,0,0,0,0,0,0,0,0,0,0,0,0,0,0,0,0
0,33,pin_33,19.67754,85.298916,269.5,248.5,27-12-2017,04:30:10,0.106107466,0.103634872,0.092157364,0.084000148,0.080928244,0.074962899,0.065105312,0.060944337,0.059613083,0.059482388,0.063547857,0.051848188,0.00897703,0.023231309,0.044465873,0.051110644,0.042609189,0.041052938,0.030745571,0.012536115,0.032403465,0.209302694,0.195939064,0.165024966,0.13380605,0.123694442,0.104697764,0.085334823,0.076331533,0.074263677,0.073489323,0.076292455,0.061356146,0.019479604,0.033101745,0.053520236,0.059455592,0.048211765,0.046185859,0.035706058,0.016950972,0.035375424,2147483647,19.67889023,85.29972076,102.4880676,1.985101223,146.8554077,50.62701035,293.2703857,291.5457764,290.4885559,289.7866211,289.0765991,287.2122498,281.8175659,276.1014709,266.9745483,254.9978638,238.7879791,229.4057007,218.1758881,207.8578033,195.5117188,195.2506409,207.1565704,216.0788727,219.2479095,233.7231293,239.2756348,240.4638367,254.6503601,259.0524292,251.840271,-1.706381202,-1.56309104,8.799399376,1016.394043,11.62150288,0.005262559,1,0,1,1,0,0,0,0,0,0,0,0,0,0,0,0,0,0,0,0,0,0,0,0,0,0,0,0,0,0,0,0
0,34,pin_34,19.671719,85.258164,255.5,250.5,27-12-2017,04:30:10,0.114847593,0.11338979,0.108725727,0.110080868,0.111263305,0.112869613,0.082839251,0.075073354,0.073070556,0.072193973,0.057861879,0.045451242,0.007107077,0.019398978,0.038899351,0.044203311,0.037648641,0.035813075,0.027134992,0.011401459,0.029531498,0.214788139,0.202443242,0.17740038,0.155387104,0.149536982,0.138690561,0.101784915,0.089672863,0.087005891,0.085552,0.070848472,0.055136699,0.017643664,0.029364228,0.048095673,0.052718431,0.04332732,0.041020386,0.032140419,0.015820866,0.032522924,2147483647,19.67139816,85.25832367,102.5245209,2.309194326,146.8124542,50.64151001,293.4216614,291.5041809,290.465271,289.7792358,289.0516968,287.2164001,281.8405457,276.1031189,266.9676819,254.9941101,238.7842102,229.4085693,218.1727448,207.8457794,195.517807,195.2593079,207.1448364,216.0978851,219.2450256,233.7109375,239.2902679,240.4841919,254.6356354,259.0231934,251.8200073,-1.66357708,-1.404064178,8.948914528,1016.401733,11.62412357,0.00526135,1,0,1,1,0,0,0,0,0,0,0,0,0,0,0,0,0,0,0,0,0,0,0,0,0,0,0,0,0,0,0,0
0,35,pin_35,19.657164,85.229056,245.5,255.5,27-12-2017,04:30:10,0.120739996,0.120029926,0.114844151,0.115336634,0.11838983,0.125824198,0.092395566,0.081943862,0.080355383,0.078928895,0.063837484,0.048766289,0.007897626,0.020351728,0.042072341,0.047076989,0.038990896,0.037236791,0.027911281,0.011620355,0.030503094,0.218535528,0.206918195,0.181930542,0.159683615,0.155573562,0.150311723,0.110657237,0.096161611,0.093907662,0.091946125,0.07660538,0.058328666,0.018393584,0.030272122,0.051157612,0.055496663,0.044635478,0.042411555,0.03289647,0.016030429,0.033480477,2147483647,19.65860939,85.22886658,102.5323792,2.525186539,146.7790375,50.6453476,293.5436401,291.4601746,290.4526672,289.7731323,289.0256348,287.2140503,281.8596497,276.1058044,266.9648743,254.9938965,238.7833099,229.4219513,218.1723328,207.832489,195.5140076,195.2723999,207.1352386,216.0996399,219.2454834,233.7049713,239.3021851,240.4853058,254.6198883,259.0200806,251.8013763,-1.65543735,-1.326174617,9.056595802,1016.404541,11.64208889,0.005260161,1,0,1,1,0,0,0,0,0,0,0,0,0,0,0,0,0,0,0,0,0,0,0,0,0,0,0,0,0,0,0,0
0,36,pin_36,19.660075,85.217413,241.5,254.5,27-12-2017,04:30:10,0.119297169,0.11880336,0.11109627,0.111250743,0.112484254,0.11649473,0.088468544,0.08030168,0.078659534,0.07763955,0.074080609,0.083054617,0.0178244,0.038317364,0.07401894,0.084857292,0.084354572,0.084192529,0.063998871,0.027295977,0.081207119,0.217435822,0.205940858,0.178979725,0.156210423,0.150453597,0.141866907,0.106973305,0.09458714,0.092278808,0.090701893,0.086042553,0.091528423,0.027984226,0.047661755,0.082150102,0.092231072,0.089188837,0.088605642,0.068415076,0.031480078,0.083739206,2147483647,19.66130066,85.21630859,102.5366364,2.633200884,146.7679138,50.65407944,293.6221008,291.4387207,290.4503479,289.7797546,289.0196838,287.2181702,281.8663025,276.1047974,266.9608459,254.9913025,238.780838,229.4145355,218.1701355,207.8326416,195.5212097,195.2708282,207.1324158,216.1111145,219.2417145,233.6994171,239.3048859,240.5000763,254.6187897,258.9989014,251.8002777,-1.628502011,-1.236781716,9.097707748,1016.404541,11.62925816,0.005259891,1,0,1,1,0,0,0,0,0,0,0,0,0,0,0,0,0,0,0,0,0,0,0,0,0,0,0,0,0,0,0,0
0,37,pin_37,19.700827,85.275629,261.5,240.5,27-12-2017,04:30:10,0.119002014,0.11761228,0.113282681,0.116410635,0.119324267,0.126346081,0.094938144,0.085106619,0.083573237,0.082034186,0.066021673,0.047909662,0.007578018,0.020643124,0.041299302,0.046508461,0.038510751,0.037117939,0.027660221,0.011421287,0.029629108,0.217701092,0.205517948,0.180966765,0.160735726,0.156507835,0.15087299,0.113088265,0.09920691,0.097011171,0.094947115,0.078677692,0.057526782,0.018110467,0.030579692,0.050433178,0.054967962,0.04417982,0.042308845,0.032662708,0.015845284,0.032623008,2147483647,19.70039177,85.27581787,102.5222626,2.222839832,146.8404846,50.65789032,293.4053955,291.5213928,290.4917908,289.8093262,289.0804749,287.2292175,281.8262329,276.0952759,266.9616394,254.9885254,238.7791443,229.3659973,218.1674957,207.8690186,195.542572,195.2345428,207.1537476,216.1258087,219.2334595,233.7059937,239.2768097,240.5202179,254.6609344,258.973053,251.8503723,-1.602386951,-1.30956471,8.853507042,1016.396423,11.56382465,0.00526274,1,0,1,1,0,0,0,0,0,0,0,0,0,0,0,0,0,0,0,0,0,0,0,0,0,0,0,0,0,0,0,0
0,38,pin_38,19.715381,85.269808,259.5,235.5,27-12-2017,04:30:10,0.120026141,0.116975717,0.112513326,0.113391288,0.116197318,0.122922197,0.091626376,0.082086034,0.079578929,0.078584008,0.063747391,0.047148578,0.007412027,0.020211035,0.040793918,0.046111058,0.038731232,0.036589161,0.027647881,0.011564082,0.031549763,0.218295306,0.204988316,0.180317044,0.158171266,0.153787926,0.147761598,0.109984763,0.0963303,0.093201309,0.091648109,0.076650694,0.056783952,0.017944133,0.030155575,0.049937271,0.054576259,0.044392549,0.041785873,0.032647543,0.015983526,0.034523044,2147483647,19.71552467,85.26887512,102.5260696,2.309260368,146.8395538,50.67461395,293.4877319,291.513092,290.4936829,289.8232727,289.0866089,287.2401428,281.8269348,276.0912781,266.9548645,254.9825134,238.774231,229.3399811,218.1629181,207.8787231,195.5617828,195.2214355,207.1542816,216.1504974,219.2250671,233.6981201,239.2743835,240.5526123,254.6692963,258.9281311,251.8609161,-1.544497967,-1.169185162,8.870491028,1016.396118,11.51802254,0.00526294,1,0,1,1,0,0,0,0,0,0,0,0,0,0,0,0,0,0,0,0,0,0,0,0,0,0,0,0,0,0,0,0
0,39,pin_39,19.724114,85.325113,278.5,232.5,27-12-2017,04:30:10,0.118371435,0.11764396,0.116134256,0.119571336,0.119671449,0.120543197,0.094336025,0.086375348,0.08517947,0.083511613,0.066746987,0.048381131,0.007694921,0.020504899,0.04143738,0.047010176,0.038465388,0.037587926,0.027396331,0.011522638,0.029012147,0.217670977,0.205890924,0.18341428,0.163559034,0.156960025,0.145746216,0.112596266,0.100462861,0.098588765,0.096403018,0.079292767,0.058014195,0.018253295,0.030475248,0.050596021,0.055482749,0.044153139,0.042787015,0.032418318,0.015957853,0.032021262,2147483647,19.72550392,85.32408905,102.4509125,1.877002597,146.8968811,50.65531158,293.3344116,291.5556641,290.5427246,289.836792,289.1157532,287.2302856,281.797699,276.0883179,266.9637756,254.9878845,238.7787323,229.3352051,218.1672363,207.8954468,195.5537415,195.2127838,207.1700439,216.124054,219.2264557,233.7140961,239.2542114,240.5248108,254.6890717,258.9677124,251.892334,-1.570884347,-1.356730103,8.66391468,1016.38269,11.50863457,0.005264293,1,0,1,1,0,0,0,0,0,0,0,0,0,0,0,0,0,0,0,0,0,0,0,0,0,0,0,0,0,0,0,0
0,40,pin_40,19.741579,85.333846,281.5,226.5,27-12-2017,04:30:10,0.108836927,0.106740385,0.09806215,0.089358911,0.085614905,0.079549424,0.065992109,0.061154325,0.059905153,0.059332401,0.055987746,0.043714117,0.006474182,0.018466197,0.037971076,0.042424168,0.036163487,0.034713365,0.026115669,0.011332474,0.029264744,0.21131514,0.198280126,0.169652924,0.138359934,0.127781495,0.108870894,0.086196773,0.076558195,0.074567467,0.073371738,0.069008887,0.053502358,0.017076554,0.028505277,0.047238804,0.051030654,0.041896716,0.039963845,0.031160552,0.015771948,0.032272454,2147483647,19.74259186,85.33346558,102.4359894,1.833755493,146.9124908,50.66547012,293.3554993,291.5641785,290.5644531,289.8522644,289.1302795,287.2348022,281.7896729,276.0832214,266.960144,254.9841919,238.7752533,229.309494,218.1643829,207.9089966,195.5693512,195.199646,207.1753845,216.1409454,219.2183228,233.711441,239.246109,240.5468445,254.7028046,258.9381409,251.9118805,-1.506974697,-1.28294003,8.609779358,1016.379517,11.46477413,0.005264868,1,0,1,1,0,0,0,0,0,0,0,0,0,0,0,0,0,0,0,0,0,0,0,0,0,0,0,0,0,0,0,0
0,41,pin_41,19.7474,85.31347,274.5,224.5,27-12-2017,04:30:10,0.120099358,0.118397452,0.113995478,0.114327066,0.113270447,0.11177253,0.090941668,0.085116439,0.084000036,0.082971811,0.070438705,0.050140724,0.00836948,0.021465871,0.043528263,0.049146216,0.040377188,0.038192298,0.028868627,0.011746311,0.03149987,0.218688563,0.206293583,0.181684956,0.159111962,0.151410967,0.137806743,0.10940776,0.099251173,0.097450353,0.095872752,0.083193183,0.059707019,0.01889644,0.03139646,0.052614294,0.057549588,0.046023503,0.043375954,0.033861745,0.016174436,0.034481786,2147483647,19.74691582,85.31337738,102.4981766,2.006809711,146.8946381,50.67940903,293.3322144,291.5555115,290.5665588,289.8593445,289.1288757,287.2408142,281.8000488,276.0810852,266.9537659,254.9823608,238.7716522,229.2990265,218.1602173,207.9079742,195.5785217,195.1988373,207.170517,216.1653442,219.2136383,233.700882,239.2516327,240.568634,254.7050171,258.9046021,251.9065247,-1.49070704,-1.212980151,8.624017715,1016.385925,11.47031212,0.005265118,1,0,1,1,0,0,0,0,0,0,0,0,0,0,0,0,0,0,0,0,0,0,0,0,0,0,0,0,0,0,0,0
0,42,pin_42,19.759044,85.444457,319.5,220.5,27-12-2017,04:30:10,0.115475871,0.115210131,0.113245979,0.117160305,0.120259039,0.128257915,0.114415199,0.107345767,0.105714932,0.104300462,0.090470925,0.05658704,0.009328351,0.024305029,0.048165202,0.055470265,0.04222725,0.039644748,0.028673457,0.011055968,0.028406097,0.216764554,0.205106646,0.181914777,0.16201739,0.15786916,0.1529807,0.131519109,0.120510124,0.118268602,0.116361044,0.102948986,0.066037729,0.019909915,0.0342305,0.057195857,0.063775674,0.047890991,0.044850908,0.033713825,0.015530819,0.031444922,2147483647,19.75989342,85.44329071,102.1240158,0.968453288,147.0257263,50.62504578,293.5634766,291.6265564,290.5844116,289.8493958,289.165741,287.2068176,281.7185669,276.0811462,266.9830322,254.9829559,238.7835846,229.302475,218.1802521,207.9389801,195.564621,195.1784058,207.2124634,216.0704346,219.2207336,233.7595367,239.2036591,240.4993286,254.7151947,259.0344238,251.9763184,-1.318084478,-1.387527227,8.484509468,1016.345398,11.34744835,0.005264498,1,0,1,1,0,0,0,0,0,0,0,0,0,0,0,0,0,0,0,0,0,0,0,0,0,0,0,0,0,0,0,0
0,43,pin_43,19.773598,85.400795,304.5,215.5,27-12-2017,04:30:10,0.119894817,0.120659366,0.11937701,0.12391983,0.12526387,0.129343614,0.112372495,0.107116222,0.106466547,0.105153516,0.085341714,0.054779533,0.009341205,0.023184866,0.047386296,0.054097425,0.041977346,0.039405547,0.029095178,0.011943566,0.031689331,0.219338849,0.208583906,0.186334834,0.167493835,0.162018374,0.153856501,0.129543737,0.120241478,0.11893674,0.117129736,0.097902454,0.064258903,0.019895479,0.033119209,0.056413524,0.062415805,0.047629304,0.044600837,0.0341148,0.016394129,0.034687631,2147483647,19.77427673,85.40183258,102.2564163,1.336224079,146.9909363,50.65855408,293.5372925,291.6036377,290.5709839,289.8725586,289.1572876,287.2158203,281.7354126,276.0714111,266.9675293,254.9749451,238.7742004,229.2726593,218.1731262,207.9367523,195.5946808,195.1675873,207.2048798,216.1262665,219.2088928,233.7455139,239.2085876,240.555954,254.7120209,258.9558105,251.9654236,-1.280706763,-1.22799933,8.443164825,1016.360291,11.3070097,0.005264789,1,0,1,1,0,0,0,0,0,0,0,0,0,0,0,0,0,0,0,0,0,0,0,0,0,0,0,0,0,0,0,0
0,44,pin_44,19.767776,85.371687,294.5,217.5,27-12-2017,04:30:10,0.117092788,0.116778396,0.113974795,0.115860134,0.116086058,0.117539451,0.09440504,0.085161015,0.084511876,0.083116598,0.066912293,0.047463767,0.006983424,0.020099964,0.040850796,0.046415616,0.038158402,0.036487095,0.027143,0.011321642,0.030424388,0.217185527,0.205616549,0.182021335,0.16062966,0.15402931,0.143140569,0.112728469,0.099361904,0.098002158,0.096072808,0.079703137,0.057157673,0.017595725,0.030112963,0.05005629,0.054932367,0.043869808,0.041721407,0.032184452,0.015772674,0.033428859,2147483647,19.76724815,85.37107849,102.3425522,1.574184179,146.9584045,50.66796112,293.4845276,291.5884705,290.5627136,289.8691406,289.1465149,287.2221375,281.7568359,276.072113,266.9617615,254.975769,238.7724762,229.2779083,218.1688385,207.9274292,195.5935211,195.1746826,207.1939697,216.142395,219.2095947,233.7319183,239.2213745,240.5652008,254.7079163,258.9337463,251.945694,-1.349621177,-1.207858324,8.473124504,1016.369995,11.3368063,0.00526477,1,0,1,1,0,0,0,0,0,0,0,0,0,0,0,0,0,0,0,0,0,0,0,0,0,0,0,0,0,0,0,0
0,45,pin_45,19.738668,85.368776,293.5,227.5,27-12-2017,04:30:10,0.123066463,0.12328548,0.123796068,0.128509209,0.130948424,0.136022896,0.116456471,0.108966745,0.107555471,0.106923908,0.086546242,0.055345174,0.009476129,0.023820052,0.048510868,0.054478332,0.042502396,0.039750025,0.029150844,0.011621446,0.031282362,0.221221149,0.210206687,0.189542845,0.171218708,0.166806161,0.159816056,0.133312583,0.121965326,0.119941548,0.118788876,0.099100538,0.06478516,0.020004964,0.033713713,0.057484414,0.062767386,0.0481323,0.04492823,0.034159016,0.016067745,0.034278277,2147483647,19.74021339,85.36987305,102.3273392,1.530896902,146.9469452,50.64497757,293.4096985,291.5818481,290.5626831,289.8441162,289.1356506,287.2241516,281.7690125,276.0848389,266.9699707,254.985733,238.7801971,229.31987,218.1711578,207.9138641,195.5592651,195.1969452,207.1856384,216.1046906,219.2238617,233.7300262,239.2339783,240.5170441,254.7010956,258.9873657,251.9258575,-1.506129265,-1.375879526,8.567933083,1016.368225,11.43753147,0.005264508,1,0,1,1,0,0,0,0,0,0,0,0,0,0,0,0,0,0,0,0,0,0,0,0,0,0,0,0,0,0,0,0
0,46,pin_46,19.738668,85.400795,304.5,227.5,27-12-2017,04:30:10,0.108360946,0.108146407,0.102344938,0.097041339,0.095602058,0.092995726,0.073828936,0.066876002,0.066617452,0.065436237,0.057452165,0.043475546,0.006229871,0.017800651,0.036762506,0.042265065,0.035347234,0.034335136,0.025298482,0.011432404,0.029177777,0.211666465,0.199861392,0.173372149,0.145067707,0.136590466,0.121132277,0.093609072,0.082066424,0.081027463,0.07926292,0.070401669,0.05332363,0.016890053,0.027910057,0.046115544,0.050921679,0.04112561,0.039619226,0.030382125,0.015891554,0.032201577,2147483647,19.7389164,85.40126038,102.2341843,1.271296501,146.9769135,50.62797165,293.4569397,291.5979309,290.5639954,289.8374634,289.1416931,287.2153625,281.7510376,276.0863037,266.9783325,254.9871063,238.7842865,229.3276062,218.1766815,207.918808,195.5509338,195.1948242,207.1946106,216.0749664,219.2280884,233.7450714,239.2237549,240.4924927,254.7010956,259.0280762,251.9389954,-1.49537909,-1.447808623,8.537948608,1016.358398,11.41651821,0.005264249,1,0,1,1,0,0,0,0,0,0,0,0,0,0,0,0,0,0,0,0,0,0,0,0,0,0,0,0,0,0,0,0
0,47,pin_47,19.767776,85.432814,315.5,217.5,27-12-2017,04:30:10,0.116097815,0.116667554,0.115852021,0.119210482,0.122073933,0.13002184,0.112944052,0.106125541,0.103684463,0.102234721,0.086006641,0.054363523,0.008806848,0.0235289,0.047130927,0.053491823,0.041166864,0.038740564,0.028304305,0.011275146,0.029067399,0.217060491,0.206021905,0.183824122,0.163677171,0.159381852,0.154540241,0.130124286,0.119335271,0.116319686,0.114374958,0.098547265,0.063876279,0.019397259,0.033470701,0.056184355,0.061844744,0.046845268,0.043957513,0.033346422,0.015743254,0.032097116,2147483647,19.76778793,85.43197632,102.1627808,1.07662189,147.0177307,50.63765717,293.5590515,291.6197205,290.5816956,289.8605652,289.1646118,287.2102051,281.7211304,276.0772095,266.9775391,254.9794617,238.7798615,229.288208,218.1780243,207.9401093,195.5778503,195.1723633,207.2115021,216.0915222,219.2153015,233.7561951,239.2031097,240.5220795,254.7149811,259.0045471,251.9761047,-1.284781098,-1.325088739,8.466070175,1016.34967,11.32866573,0.005264675,1,0,1,1,0,0,0,0,0,0,0,0,0,0,0,0,0,0,0,0,0,0,0,0,0,0,0,0,0,0,0,0
0,48,pin_48,19.773598,85.412438,308.5,215.5,27-12-2017,04:30:10,0.118605182,0.119426459,0.119866624,0.123086371,0.126678154,0.131898388,0.113877721,0.10891439,0.108140774,0.106400639,0.086156204,0.054571085,0.009037701,0.023453556,0.046995483,0.054019284,0.041317526,0.039081458,0.028433051,0.011460087,0.02955403,0.218537644,0.207775906,0.186753288,0.166825801,0.163259029,0.156178981,0.130960479,0.121958137,0.120539546,0.118327819,0.098606408,0.064061329,0.019605417,0.033382889,0.056038283,0.062343527,0.046984088,0.044284359,0.033465393,0.015919117,0.032574344,2147483647,19.77470779,85.4125061,102.2251053,1.249691248,147.0014648,50.65353775,293.547699,291.6086731,290.574707,289.8717957,289.1604004,287.2142029,281.7288818,276.0723877,266.9701843,254.9755402,238.7753906,229.2739563,218.1747437,207.9390411,195.5923615,195.1669464,207.2080231,216.1179047,219.209671,233.7499084,239.2051849,240.549057,254.7131958,258.9673767,251.9709778,-1.267535806,-1.249409437,8.443350792,1016.35675,11.30727386,0.005264801,1,0,1,1,0,0,0,0,0,0,0,0,0,0,0,0,0,0,0,0,0,0,0,0,0,0,0,0,0,0,0,0
0,49,pin_49,19.773598,85.392062,301.5,215.5,27-12-2017,04:30:10,0.119936667,0.121026114,0.120361798,0.123819672,0.124746151,0.125919715,0.106137969,0.098757125,0.097908944,0.096080527,0.078626052,0.052513652,0.008338301,0.022054881,0.044667419,0.051124357,0.040179692,0.038723122,0.028336756,0.011448978,0.030955298,0.219268546,0.208753988,0.187020957,0.167365238,0.161535293,0.15074195,0.123705879,0.11228919,0.110774331,0.108458437,0.091032498,0.062058147,0.018918604,0.032018162,0.053769685,0.059519697,0.045860916,0.043926146,0.03336516,0.015903663,0.033958551,2147483647,19.77384377,85.39115906,102.2877045,1.422757268,146.9804077,50.6635704,293.5258179,291.5986328,290.5675659,289.8733521,289.1542053,287.2176208,281.7419434,276.0705566,266.9648743,254.974411,238.7730103,229.2713623,218.1714935,207.9344635,195.5969391,195.1683044,207.2017212,216.1346893,219.2080841,233.7410431,239.2120514,240.562851,254.7109375,258.9441833,251.9599304,-1.293446779,-1.207323194,8.44465065,1016.363831,11.3081646,0.005264789,1,0,1,1,0,0,0,0,0,0,0,0,0,0,0,0,0,0,0,0,0,0,0,0,0,0,0,0,0,0,0,0
0,50,pin_50,19.759044,85.473566,329.5,220.5,27-12-2017,04:30:10,0.119997032,0.121303819,0.124917932,0.131514832,0.135915965,0.148638099,0.145616323,0.149934396,0.149355352,0.149133042,0.13927041,0.098081358,0.020270873,0.044258587,0.085354865,0.098941691,0.069628052,0.062567256,0.043399274,0.012921064,0.032106627,0.22009708,0.209650159,0.191041604,0.174165115,0.171445787,0.171462283,0.160746768,0.161067903,0.15993619,0.15925695,0.151685819,0.106275588,0.030515464,0.053581774,0.093324415,0.106099471,0.074812107,0.067406438,0.048214167,0.017378066,0.035115849,2147483647,19.75859642,85.4746933,102.0301361,0.70887506,147.0557098,50.6080513,293.5899048,291.6424866,290.5968628,289.8435974,289.1749878,287.2022705,281.7008667,276.0853882,266.9917297,254.9858704,238.7878723,229.3102264,218.184967,207.9448547,195.5540009,195.1791077,207.2209015,216.0423126,219.2243805,233.7713165,239.1953278,240.4740906,254.7191772,259.0735779,251.9912415,-1.290552974,-1.462631941,8.49851799,1016.334656,11.35934448,0.005264514,1,0,1,1,0,0,0,0,0,0,0,0,0,0,0,0,0,0,0,0,0,0,0,0,0,0,0,0,0,0,0,0
0,51,pin_51,19.802706,85.456101,323.5,205.5,27-12-2017,04:30:10,0.121490948,0.12257535,0.124331228,0.133383736,0.137955889,0.150740147,0.140409276,0.138120905,0.13522172,0.134383604,0.115940921,0.070556529,0.012909707,0.030789439,0.060286082,0.06967853,0.048981193,0.045404561,0.032905664,0.011621376,0.030219994,0.220837638,0.210310787,0.190416351,0.175613642,0.173101678,0.173293576,0.155828342,0.149783954,0.146409303,0.145112947,0.128067732,0.079570808,0.023378126,0.040514581,0.068960369,0.077595629,0.054522939,0.050515745,0.037879445,0.016090145,0.033242445,2147483647,19.80347443,85.4564209,102.11586,0.946869731,147.0550232,50.65648651,293.5813904,291.6211853,290.5992737,289.9053345,289.1797485,287.2168884,281.6874084,276.0686951,266.9722595,254.9694214,238.7724762,229.2376099,218.1795654,207.9598083,195.6168976,195.1433411,207.228241,216.1237946,219.1975555,233.7719727,239.1777649,240.5705719,254.7216339,258.9563904,252.0125885,-1.061894536,-1.235985041,8.409490585,1016.344116,11.27551746,0.005265686,1,0,1,1,0,0,0,0,0,0,0,0,0,0,0,0,0,0,0,0,0,0,0,0,0,0,0,0,0,0,0,0
0,52,pin_52,19.814349,85.435725,316.5,201.5,27-12-2017,04:30:10,0.101599939,0.099141933,0.088431209,0.082621172,0.082166426,0.086663902,0.0726941,0.06610132,0.063792698,0.063750669,0.066619627,0.046759389,0.006947906,0.020341897,0.04016887,0.045742251,0.036613632,0.034888517,0.026062587,0.01059737,0.028220512,0.207291365,0.193694919,0.162885919,0.13312991,0.12515679,0.115486383,0.092583999,0.081356511,0.078366324,0.077679671,0.079506978,0.056515697,0.017599296,0.030384472,0.049431887,0.054312814,0.042376798,0.040171023,0.031141134,0.015075074,0.031258292,2147483647,19.81612587,85.43566895,102.1867752,1.141580343,147.0396881,50.67800903,293.5856934,291.6054688,290.5886536,289.9256592,289.1755371,287.2189636,281.6928101,276.0597839,266.9625549,254.9625397,238.7661591,229.2144012,218.1759796,207.9608307,195.6402283,195.1321716,207.2261963,216.1590424,219.188797,233.7674866,239.1764374,240.6094666,254.7190552,258.9065552,252.0099487,-1.024384618,-1.118910432,8.34419632,1016.352234,11.21800423,0.005265797,1,0,1,1,0,0,0,0,0,0,0,0,0,0,0,0,0,0,0,0,0,0,0,0,0,0,0,0,0,0,0,0
