ProdID,CoordID,Name,Latitude,Longitude,PixelX,PixelY,Date(yyyy-MM-dd),Time(HH_mm_ss),Oa01_radiance,Oa02_radiance,Oa03_radiance,Oa04_radiance,Oa05_radiance,Oa06_radiance,Oa07_radiance,Oa08_radiance,Oa09_radiance,Oa10_radiance,Oa11_radiance,Oa12_radiance,Oa13_radiance,Oa14_radiance,Oa15_radiance,Oa16_radiance,Oa17_radiance,Oa18_radiance,Oa19_radiance,Oa20_radiance,Oa21_radiance,altitude,latitude,longitude,detector_index,FWHM_band_1,FWHM_band_2,FWHM_band_3,FWHM_band_4,FWHM_band_5,FWHM_band_6,FWHM_band_7,FWHM_band_8,FWHM_band_9,FWHM_band_10,FWHM_band_11,FWHM_band_12,FWHM_band_13,FWHM_band_14,FWHM_band_15,FWHM_band_16,FWHM_band_17,FWHM_band_18,FWHM_band_19,FWHM_band_20,FWHM_band_21,frame_offset,lambda0_band_1,lambda0_band_2,lambda0_band_3,lambda0_band_4,lambda0_band_5,lambda0_band_6,lambda0_band_7,lambda0_band_8,lambda0_band_9,lambda0_band_10,lambda0_band_11,lambda0_band_12,lambda0_band_13,lambda0_band_14,lambda0_band_15,lambda0_band_16,lambda0_band_17,lambda0_band_18,lambda0_band_19,lambda0_band_20,lambda0_band_21,solar_flux_band_1,solar_flux_band_2,solar_flux_band_3,solar_flux_band_4,solar_flux_band_5,solar_flux_band_6,solar_flux_band_7,solar_flux_band_8,solar_flux_band_9,solar_flux_band_10,solar_flux_band_11,solar_flux_band_12,solar_flux_band_13,solar_flux_band_14,solar_flux_band_15,solar_flux_band_16,solar_flux_band_17,solar_flux_band_18,solar_flux_band_19,solar_flux_band_20,solar_flux_band_21,quality_flags,TP_latitude,TP_longitude,OAA,OZA,SAA,SZA,atmospheric_temperature_profile_pressure_level_1,atmospheric_temperature_profile_pressure_level_2,atmospheric_temperature_profile_pressure_level_3,atmospheric_temperature_profile_pressure_level_4,atmospheric_temperature_profile_pressure_level_5,atmospheric_temperature_profile_pressure_level_6,atmospheric_temperature_profile_pressure_level_7,atmospheric_temperature_profile_pressure_level_8,atmospheric_temperature_profile_pressure_level_9,atmospheric_temperature_profile_pressure_level_10,atmospheric_temperature_profile_pressure_level_11,atmospheric_temperature_profile_pressure_level_12,atmospheric_temperature_profile_pressure_level_13,atmospheric_temperature_profile_pressure_level_14,atmospheric_temperature_profile_pressure_level_15,atmospheric_temperature_profile_pressure_level_16,atmospheric_temperature_profile_pressure_level_17,atmospheric_temperature_profile_pressure_level_18,atmospheric_temperature_profile_pressure_level_19,atmospheric_temperature_profile_pressure_level_20,atmospheric_temperature_profile_pressure_level_21,atmospheric_temperature_profile_pressure_level_22,atmospheric_temperature_profile_pressure_level_23,atmospheric_temperature_profile_pressure_level_24,atmospheric_temperature_profile_pressure_level_25,horizontal_wind_vector_1,horizontal_wind_vector_2,humidity,sea_level_pressure,total_columnar_water_vapour,total_ozone,quality_flags_land,quality_flags_coastline,quality_flags_fresh_inland_water,quality_flags_tidal_region,quality_flags_bright,quality_flags_straylight_risk,quality_flags_invalid,quality_flags_cosmetic,quality_flags_duplicated,quality_flags_sun_glint_risk,quality_flags_dubious,quality_flags_saturated_Oa01,quality_flags_saturated_Oa02,quality_flags_saturated_Oa03,quality_flags_saturated_Oa04,quality_flags_saturated_Oa05,quality_flags_saturated_Oa06,quality_flags_saturated_Oa07,quality_flags_saturated_Oa08,quality_flags_saturated_Oa09,quality_flags_saturated_Oa10,quality_flags_saturated_Oa11,quality_flags_saturated_Oa12,quality_flags_saturated_Oa13,quality_flags_saturated_Oa14,quality_flags_saturated_Oa15,quality_flags_saturated_Oa16,quality_flags_saturated_Oa17,quality_flags_saturated_Oa18,quality_flags_saturated_Oa19,quality_flags_saturated_Oa20,quality_flags_saturated_Oa21,pins
0,1,pin_1,19.526177,85.118444,207.5,300.5,27-12-2017,04:30:10,70.26226044,74.08509827,72.81583405,65.43257904,62.08584976,54.986763,38.00613022,31.37133217,29.79577065,28.77739525,23.03533363,16.40068817,5.030379772,8.573338509,13.74366379,14.46568394,9.761479378,8.942381859,6.652665615,2.862334967,5.526211739,-63,19.52993393,85.11701202,2389,13.78130054,9.789427757,9.922077179,9.992144585,9.94054985,9.998417854,9.950400352,9.955914497,7.53016758,7.543655396,10.01148129,7.530770302,2.780665159,3.716940165,2.726430178,14.99652481,19.96537018,9.978740692,9.964488983,19.8232193,27.59490013,-1,400.7654724,412.186554,443.2871704,490.7983704,510.7263794,560.6691895,620.7033691,665.4522095,674.1855469,681.7525635,709.2922363,754.3138428,761.9140015,764.9893188,768.0496826,779.3867798,865.5733643,884.4383545,899.4349365,939.0368042,1015.906799,1586.881592,1768.202148,1964.078613,2007.57959,1979.239136,1856.165039,1705.117065,1581.427246,1544.73999,1518.001343,1449.425781,1309.252197,1290.290771,1279.742188,1271.350464,1212.706787,992.0958252,962.3291016,926.1495361,854.3428955,723.244751,2147483647,19.52679443,85.11825562,102.5542831,3.173088312,146.6212616,50.58697128,294.0854492,291.2633667,290.3022156,289.7378235,288.868103,287.2054138,281.9890137,276.1394348,266.9777527,255.0184326,238.797287,229.6019897,218.2023773,207.7550354,195.4329529,195.3575592,207.084671,215.9908752,219.264679,233.7469788,239.3312836,240.3493958,254.5214539,259.2064514,251.642868,-1.455605865,-1.364100337,10.10105896,1016.352051,12.44550133,0.005254461,1,0,1,1,0,0,0,0,0,0,0,0,0,0,0,0,0,0,0,0,0,0,0,0,0,0,0,0,0,0,0,0,1
0,2,pin_2,19.540731,85.17375,226.5,295.5,27-12-2017,04:30:10,69.38363647,72.97395325,71.10295105,63.19773483,59.54184341,51.91066742,35.06093979,28.72418404,27.37064362,26.2948513,21.09658241,15.1191597,4.730505943,7.786079884,12.79546165,13.27788544,8.864212036,8.243930817,6.0391922,2.659980536,5.033552647,-63,19.54514122,85.1733551,2409,13.76887703,9.788234711,9.923646927,9.992476463,9.940358162,9.997986794,9.950528145,9.955661774,7.530354023,7.543492794,10.01145363,7.530521393,2.78047514,3.717171431,2.72682786,14.99675083,19.96515465,9.977485657,9.963943481,19.82436562,27.48263741,-1,400.7569885,412.172821,443.2711487,490.7835693,510.7102051,560.65448,620.6887817,665.4383545,674.1715698,681.7385254,709.2788086,754.3010254,761.8999023,764.9754639,768.036438,779.3744507,865.562439,884.4246216,899.4192505,939.0299072,1015.902588,1586.656738,1768.106323,1963.610107,2007.330322,1979.551392,1856.278931,1705.122437,1581.465454,1544.803223,1518.058594,1449.515625,1309.250122,1290.299194,1279.856689,1271.312378,1212.762817,992.0863647,962.352478,926.1654053,854.3509521,723.2519531,2147483647,19.54199028,85.17462921,102.5378189,2.741057634,146.6816864,50.57141876,293.7463074,291.3746643,290.3820801,289.7142334,288.9117737,287.2001343,281.9459534,276.1344299,266.9892273,255.0235443,238.8020782,229.5931396,218.2041626,207.7738342,195.4318237,195.3428955,207.0961609,215.9710999,219.2767181,233.7504425,239.3182983,240.3285522,254.5367584,259.2293396,251.6714325,-1.605544925,-1.68803072,9.699137688,1016.366821,12.16579533,0.005256238,1,0,1,1,0,0,0,0,0,0,0,0,0,0,0,0,0,0,0,0,0,0,0,0,0,0,0,0,0,0,0,0,1
0,3,pin_3,19.601859,85.159196,221.5,274.5,27-12-2017,04:30:10,70.05307007,73.54960632,71.83183289,64.9717865,61.93442154,55.55503845,37.47863388,30.38960838,28.92082214,27.9653492,22.44762993,15.8175211,4.925423622,8.209988594,13.50661373,14.06268024,9.470606804,8.689399719,6.526954174,2.878654003,5.403047085,-63,19.60556793,85.15876007,2398,13.77571201,9.788885117,9.922783852,9.992288589,9.940460205,9.998224258,9.95045948,9.955803871,7.530254364,7.5435853,10.01146889,7.530660629,2.780579329,3.717043161,2.726608038,14.99662399,19.96526718,9.978170395,9.964242935,19.82373047,27.545084,-1,400.7616577,412.1803589,443.2799683,490.7917175,510.7190857,560.6625977,620.6968384,665.4459839,674.1793213,681.7462769,709.2862549,754.3081055,761.9077148,764.9830933,768.0437622,779.3812866,865.5684814,884.4321899,899.4279785,939.0337524,1015.905029,1586.780762,1768.159058,1963.867554,2007.467529,1979.380127,1856.216187,1705.119385,1581.444336,1544.768311,1518.026855,1449.466064,1309.251221,1290.294434,1279.793335,1271.333618,1212.731934,992.0917969,962.3395386,926.1566162,854.3465576,723.2478027,2147483647,19.60242081,85.16001892,102.5483627,2.978808165,146.6908264,50.63146973,293.747345,291.2872009,290.4921875,289.7918396,288.9407654,287.1889343,281.9230347,276.1143188,266.964325,255.0100098,238.7870331,229.4940796,218.17836,207.7896729,195.4741516,195.3317566,207.1065979,216.068634,219.2503204,233.6983337,239.3314362,240.4358063,254.5761414,259.0743103,251.741333,-1.683341265,-1.320641994,9.239714622,1016.390442,11.82828617,0.005257588,1,0,1,1,0,0,0,0,0,0,0,0,0,0,0,0,0,0,0,0,0,0,0,0,0,0,0,0,0,0,0,0,1
0,4,pin_4,19.564018,85.165018,223.5,287.5,27-12-2017,04:30:10,69.84387207,73.67008972,71.5645752,64.01564026,61.03594208,53.73903275,36.59067917,30.02146149,28.32167435,27.43945122,21.97476387,15.86071873,4.977901459,8.209988594,13.41706085,13.98314095,9.514976501,8.73889637,6.531982422,2.927610636,5.795229912,-63,19.56913376,85.16326141,2403,13.7726059,9.788596153,9.923175812,9.992372513,9.940412521,9.998116493,9.950490952,9.955739975,7.530300617,7.543544292,10.01146221,7.530598164,2.780531883,3.717101336,2.726707697,14.99668026,19.96521378,9.97785759,9.96410656,19.82401848,27.51691628,-1,400.759552,412.1769409,443.2759399,490.7880249,510.7150574,560.6589355,620.6931763,665.4425049,674.1757813,681.7427368,709.2828979,754.3048706,761.9041748,764.9796753,768.0404663,779.3781738,865.5657349,884.428772,899.4240112,939.0320435,1015.903931,1586.724487,1768.13501,1963.75061,2007.405151,1979.45813,1856.244629,1705.12085,1581.453979,1544.78418,1518.04126,1449.488525,1309.250732,1290.296509,1279.822144,1271.323975,1212.745972,992.0893555,962.3453369,926.1605835,854.3485718,723.2496338,2147483647,19.56598663,85.16452789,102.5433884,2.870720387,146.6811523,50.59745789,293.76474,291.3272095,290.4266357,289.7485962,288.9212646,287.1942139,281.9389343,276.1262512,266.9779968,255.0179596,238.7955933,229.5526276,218.1930389,207.7785187,195.4485321,195.340332,207.0997925,216.0133209,219.2648926,233.7277985,239.3254089,240.3741913,254.5523682,259.1635132,251.699234,-1.635938525,-1.513325214,9.522759438,1016.376038,12.04520702,0.005256691,1,0,1,1,0,0,0,0,0,0,0,0,0,0,0,0,0,0,0,0,0,0,0,0,0,0,0,0,0,0,0,0,1
0,5,pin_5,19.529088,85.147553,217.5,299.5,27-12-2017,04:30:10,69.9833374,74.04493713,72.46353912,65.15610504,62.57042313,55.90094757,38.12921143,31.22232056,29.6245842,28.6536541,22.76512527,15.78152275,4.962907791,8.287849426,13.3643837,13.91950893,9.273405075,8.557408333,6.416327477,2.855807543,5.334982395,-63,19.53180885,85.14645386,2400,13.77446938,9.788767815,9.922940254,9.992321014,9.940440178,9.998181343,9.950471878,9.955778122,7.530272961,7.543569088,10.01146603,7.530635834,2.780560493,3.717066288,2.726647854,14.99664688,19.9652462,9.978045464,9.964187622,19.82384491,27.53385925,-1,400.7608337,412.1789856,443.2783508,490.7902527,510.7174683,560.6611328,620.6953735,665.4445801,674.1779175,681.744873,709.2849121,754.3068237,761.90625,764.9817505,768.0424194,779.3800049,865.5673828,884.4308472,899.4263916,939.0330811,1015.904602,1586.758301,1768.149536,1963.820801,2007.442627,1979.411377,1856.227661,1705.119873,1581.44812,1544.774658,1518.032715,1449.474976,1309.251099,1290.295288,1279.80481,1271.329712,1212.737427,992.0908203,962.3417969,926.1582031,854.34729,723.2484741,2147483647,19.52866364,85.14771271,102.5450668,2.935465097,146.6504974,50.57355881,293.9169312,291.3261719,290.3360596,289.7201843,288.886322,287.2044373,281.9700623,276.1386414,266.9858704,255.0225525,238.8011169,229.6069641,218.2058258,207.7634735,195.4288483,195.3510284,207.0890198,215.9712372,219.2733459,233.7533112,239.323349,240.3286438,254.5252075,259.2321167,251.6503296,-1.523203969,-1.565975308,9.94107151,1016.356812,12.32544899,0.005255233,1,0,1,1,0,0,0,0,0,0,0,0,0,0,0,0,0,0,0,0,0,0,0,0,0,0,0,0,0,0,0,0,1
0,6,pin_6,19.523266,85.132998,212.5,301.5,27-12-2017,04:30:10,70.56908417,74.19219208,72.6700592,65.6860199,62.50984955,55.51797867,38.89408112,31.99367332,30.53757286,29.3574295,23.31905365,16.1631012,5.10534811,8.261896133,13.69625378,14.3278141,9.539627075,8.810391426,6.531982422,2.859071255,5.393323421,-63,19.5267086,85.13205719,2395,13.77757454,9.7890625,9.922548294,9.992238998,9.940488815,9.998289108,9.950439453,9.955841064,7.530225754,7.543609619,10.0114727,7.530697823,2.780607939,3.717008591,2.726548433,14.99659061,19.96529961,9.978360176,9.964323997,19.82355881,27.56181335,-1,400.7629395,412.1824341,443.2823792,490.7939453,510.7215271,560.6647949,620.6989746,665.4480591,674.1813965,681.7483521,709.288208,754.3099976,761.90979,764.9851685,768.0457764,779.3831177,865.5701294,884.4342651,899.4302979,939.03479,1015.90564,1586.814331,1768.173462,1963.937866,2007.504883,1979.333374,1856.199097,1705.11853,1581.438721,1544.758789,1518.018433,1449.452515,1309.251587,1290.293213,1279.776245,1271.339233,1212.723511,992.0932007,962.3359985,926.1541748,854.3452759,723.2467041,2147483647,19.52356529,85.13330841,102.5491486,3.043473244,146.6345978,50.57647705,294.0059814,291.2987976,290.3104553,289.724823,288.8745117,287.2059326,281.9818115,276.1403809,266.9833069,255.021286,238.8001099,229.6111298,218.2058258,207.7580719,195.4282379,195.3551331,207.0860138,215.974762,219.2705841,233.7536774,239.3264313,240.3322144,254.5205231,259.229248,251.6415405,-1.481189251,-1.485602021,10.05705547,1016.352478,12.41072178,0.005254736,1,0,1,1,0,0,0,0,0,0,0,0,0,0,0,0,0,0,0,0,0,0,0,0,0,0,0,0,0,0,0,0,1
0,7,pin_7,19.651343,85.188304,231.5,257.5,27-12-2017,04:30:10,69.9833374,73.6968689,72.49998474,65.14458466,62.63099289,56.70394135,38.8677063,31.42392349,30.05254745,28.98620796,23.18394852,15.91111565,5.007888794,8.166732788,13.47500706,14.07328606,9.386795998,8.722396851,6.371071339,2.836224794,5.354429245,-63,19.65425682,85.18621063,2404,13.7719841,9.788535118,9.923254967,9.992389679,9.940402985,9.998095512,9.950497627,9.955726624,7.530309677,7.543536186,10.0114603,7.530585289,2.780522346,3.71711278,2.726727486,14.99669266,19.96520424,9.977795601,9.964078903,19.8240757,27.5112381,-1,400.7591248,412.176239,443.2751465,490.7872925,510.7142334,560.6581421,620.6924438,665.4418335,674.1751099,681.7420654,709.2821655,754.3042603,761.9034424,764.9789429,768.0397949,779.3775635,865.5651855,884.4281006,899.4232178,939.0316772,1015.903748,1586.713257,1768.130249,1963.727173,2007.3927,1979.473633,1856.250366,1705.121094,1581.455811,1544.787354,1518.044189,1449.493042,1309.25061,1290.296997,1279.827881,1271.322144,1212.748657,992.0888672,962.3464966,926.1613159,854.348938,723.25,2147483647,19.65110588,85.18747711,102.5446777,2.849216461,146.7360992,50.65987396,293.7419434,291.3825378,290.4522095,289.7855835,288.9945068,287.21521,281.8860474,276.1060486,266.9567871,254.9917755,238.7792969,229.4236603,218.1689606,207.8214874,195.5187531,195.2836914,207.1233673,216.1162109,219.2397614,233.6918335,239.3156738,240.5040741,254.6067657,258.9902954,251.7855835,-1.614898086,-1.146922708,9.179735184,1016.404236,11.65123844,0.005258928,1,0,1,1,0,0,0,0,0,0,0,0,0,0,0,0,0,0,0,0,0,0,0,0,0,0,0,0,0,0,0,0,1
0,8,pin_8,19.625145,85.194126,233.5,266.5,27-12-2017,04:30:10,69.80203247,73.46928406,71.69820404,64.30363464,61.09651566,54.85087204,36.37088776,29.31146431,27.91273117,26.93675613,21.54242897,15.4359417,4.730505943,7.950452805,13.13260078,13.53241348,9.140294075,8.392419815,6.19004631,2.836224794,5.526211739,-63,19.62820625,85.19317627,2409,13.76887703,9.788234711,9.923646927,9.992476463,9.940358162,9.997986794,9.950528145,9.955661774,7.530354023,7.543492794,10.01145363,7.530521393,2.78047514,3.717171431,2.72682786,14.99675083,19.96515465,9.977485657,9.963943481,19.82436562,27.48263741,-1,400.7569885,412.172821,443.2711487,490.7835693,510.7102051,560.65448,620.6887817,665.4383545,674.1715698,681.7385254,709.2788086,754.3010254,761.8999023,764.9754639,768.036438,779.3744507,865.562439,884.4246216,899.4192505,939.0299072,1015.902588,1586.656738,1768.106323,1963.610107,2007.330322,1979.551392,1856.278931,1705.122437,1581.465454,1544.803223,1518.058594,1449.515625,1309.250122,1290.299194,1279.856689,1271.312378,1212.762817,992.0863647,962.352478,926.1654053,854.3509521,723.2519531,2147483647,19.62505531,85.19445038,102.5397491,2.741189957,146.7328491,50.63363647,293.6122437,291.3896179,290.4613953,289.7645874,288.9811096,287.1959534,281.8893127,276.1121216,266.967041,255.0024414,238.7867279,229.467041,218.1762848,207.8049774,195.487442,195.3078613,207.1207581,216.0778503,219.2519989,233.7032623,239.3203888,240.4514618,254.5926819,259.061615,251.7670135,-1.694900393,-1.368570566,9.148664474,1016.404114,11.73375416,0.005258543,1,0,1,1,0,0,0,0,0,0,0,0,0,0,0,0,0,0,0,0,0,0,0,0,0,0,0,0,0,0,0,0,1
0,9,pin_9,19.601859,85.185393,230.5,274.5,27-12-2017,04:30:10,70.08096313,73.42912292,71.78324127,64.56859589,61.71232605,55.4315033,37.3115921,30.16170692,28.75914764,27.68693161,22.23146248,15.52233696,4.730505943,7.933150291,13.16420746,13.74452019,9.120573997,8.524411201,6.275530338,2.862334967,5.046517372,-63,19.60538292,85.18508911,2408,13.76949883,9.788293839,9.923568726,9.992459297,9.940366745,9.998008728,9.950522423,9.955674171,7.53034544,7.543501854,10.01145458,7.530534267,2.780484438,3.717159748,2.726807833,14.99673939,19.96516418,9.977546692,9.963970184,19.8243084,27.48838615,-1,400.7574158,412.1734924,443.2719421,490.7843018,510.7109985,560.6552124,620.6895142,665.4390259,674.1723022,681.7392578,709.27948,754.3016357,761.9005737,764.9761963,768.0371094,779.375061,865.5629883,884.425354,899.4200439,939.0302734,1015.902832,1586.668091,1768.111084,1963.633423,2007.342773,1979.535889,1856.273193,1705.122192,1581.463379,1544.799927,1518.055664,1449.511108,1309.250244,1290.298828,1279.851074,1271.314331,1212.76001,992.0869141,962.3512573,926.1645508,854.3505859,723.2515869,2147483647,19.60223198,85.18636322,102.5399399,2.762782097,146.7162476,50.61788177,293.6169739,291.3594971,290.4745789,289.7636719,288.9590759,287.1890564,281.9058838,276.1163635,266.9720154,255.0109406,238.7907257,229.5011902,218.1822205,207.7939758,195.4685822,195.325119,207.1129303,216.0510712,219.2578583,233.7100677,239.3237305,240.4168701,254.5785065,259.1045837,251.7446289,-1.711644411,-1.468116403,9.197010994,1016.394958,11.81885719,0.00525804,1,0,1,1,0,0,0,0,0,0,0,0,0,0,0,0,0,0,0,0,0,0,0,0,0,0,0,0,0,0,0,0,1
0,10,pin_10,19.601859,85.17375,226.5,274.5,27-12-2017,04:30:10,70.34593964,73.85751343,72.00190735,64.66075134,61.86375427,55.44385529,37.32917404,30.31948471,28.85424995,27.73333549,22.35305595,15.72392654,4.678028107,8.114825249,13.1747427,13.84527111,9.25861454,8.573907852,6.355986118,2.878654003,5.474352837,-63,19.60547447,85.17192078,2403,13.7726059,9.788596153,9.923175812,9.992372513,9.940412521,9.998116493,9.950490952,9.955739975,7.530300617,7.543544292,10.01146221,7.530598164,2.780531883,3.717101336,2.726707697,14.99668026,19.96521378,9.97785759,9.96410656,19.82401848,27.51691628,-1,400.759552,412.1769409,443.2759399,490.7880249,510.7150574,560.6589355,620.6931763,665.4425049,674.1757813,681.7427368,709.2828979,754.3048706,761.9041748,764.9796753,768.0404663,779.3781738,865.5657349,884.428772,899.4240112,939.0320435,1015.903931,1586.724487,1768.13501,1963.75061,2007.405151,1979.45813,1856.244629,1705.12085,1581.453979,1544.78418,1518.04126,1449.488525,1309.250732,1290.296509,1279.822144,1271.323975,1212.745972,992.0893555,962.3453369,926.1605835,854.3485718,723.2496338,2147483647,19.60232544,85.17318726,102.5441437,2.870796442,146.703537,50.62467575,293.6821289,291.3234558,290.4837036,289.7777405,288.9498596,287.1890259,281.9144897,276.1153259,266.9682007,255.010498,238.7888794,229.4976349,218.1802979,207.7918701,195.471405,195.3284302,207.109726,216.0598145,219.2540894,233.7041626,239.3275757,240.4263153,254.577301,259.089386,251.7429657,-1.697580934,-1.394847512,9.21758461,1016.3927,11.82265091,0.005257816,1,0,1,1,0,0,0,0,0,0,0,0,0,0,0,0,0,0,0,0,0,0,0,0,0,0,0,0,0,0,0,0,1
0,11,pin_11,19.695005,85.211591,239.5,242.5,27-12-2017,04:30:10,69.8996582,74.07170868,72.39064789,65.12154388,62.24737549,55.69093323,39.00837326,31.818367,30.34736824,29.37289619,23.5352211,16.18470001,5.142832279,8.322454453,13.83848476,14.4232626,9.692458153,8.925883293,6.542039394,2.888445139,5.610482693,-62,19.69829178,85.20991516,2409,13.76887703,9.788234711,9.923646927,9.992476463,9.940358162,9.997986794,9.950528145,9.955661774,7.530354023,7.543492794,10.01145363,7.530521393,2.78047514,3.717171431,2.72682786,14.99675083,19.96515465,9.977485657,9.963943481,19.82436562,27.48263741,-1,400.7569885,412.172821,443.2711487,490.7835693,510.7102051,560.65448,620.6887817,665.4383545,674.1715698,681.7385254,709.2788086,754.3010254,761.8999023,764.9754639,768.036438,779.3744507,865.562439,884.4246216,899.4192505,939.0299072,1015.902588,1586.656738,1768.106323,1963.610107,2007.330322,1979.551392,1856.278931,1705.122437,1581.465454,1544.803223,1518.058594,1449.515625,1309.250122,1290.299194,1279.856689,1271.312378,1212.762817,992.0863647,962.352478,926.1654053,854.3509521,723.2519531,2147483647,19.69514084,85.21118927,102.541954,2.74126792,146.7759247,50.68616486,293.7658691,291.4382935,290.4443359,289.8059387,289.039856,287.2431335,281.8610229,276.0967712,266.9485168,254.9783325,238.7715149,229.3591003,218.1613159,207.8557281,195.5613251,195.2387543,207.1363678,216.1587219,219.2260284,233.6862793,239.2966919,240.5651703,254.6385498,258.9102783,251.8251953,-1.520573616,-0.972700715,9.123165131,1016.403687,11.52724648,0.005260556,1,0,1,1,0,0,0,0,0,0,0,0,0,0,0,0,0,0,0,0,0,0,0,0,0,0,0,0,0,0,0,0,1
0,12,pin_12,19.715381,85.217413,241.5,235.5,27-12-2017,04:30:10,68.99313354,72.66604614,70.50769043,62.42590714,59.10774612,51.00884247,34.74444199,28.32974052,27.21847916,26.2948513,21.0425415,15.37834549,4.752996445,7.777428627,13.11679745,13.54301929,9.160014153,8.485913277,6.361014366,2.823169708,5.419252872,-62,19.71905708,85.21487427,2409,13.76887703,9.788234711,9.923646927,9.992476463,9.940358162,9.997986794,9.950528145,9.955661774,7.530354023,7.543492794,10.01145363,7.530521393,2.78047514,3.717171431,2.72682786,14.99675083,19.96515465,9.977485657,9.963943481,19.82436562,27.48263741,-1,400.7569885,412.172821,443.2711487,490.7835693,510.7102051,560.65448,620.6887817,665.4383545,674.1715698,681.7385254,709.2788086,754.3010254,761.8999023,764.9754639,768.036438,779.3744507,865.562439,884.4246216,899.4192505,939.0299072,1015.902588,1586.656738,1768.106323,1963.610107,2007.330322,1979.551392,1856.278931,1705.122437,1581.465454,1544.803223,1518.058594,1449.515625,1309.250122,1290.299194,1279.856689,1271.312378,1212.762817,992.0863647,962.352478,926.1654053,854.3509521,723.2519531,2147483647,19.71590805,85.21614838,102.5426483,2.741300106,146.7886658,50.70173264,293.803894,291.4521179,290.4453125,289.8195801,289.0573425,287.2563477,281.853302,276.0919189,266.9429016,254.9716797,238.7668915,229.3270569,218.1568756,207.8710632,195.5830536,195.2189941,207.1408386,216.183136,219.2177887,233.681015,239.2894135,240.598465,254.6528625,258.865387,251.8428955,-1.465471387,-0.858433247,9.106363297,1016.403076,11.46929169,0.005261206,1,0,1,1,0,0,0,0,0,0,0,0,0,0,0,0,0,0,0,0,0,0,0,0,0,0,0,0,0,0,0,0,1
0,13,pin_13,19.753222,85.266897,258.5,222.5,27-12-2017,04:30:10,69.7741394,73.75041199,72.73079681,66.20440674,62.35842133,53.57843018,37.84788132,31.26614571,29.97646523,28.79286194,22.81241226,15.30634975,4.678028107,7.812033176,12.85867596,13.48999214,8.903652191,8.227431297,6.054277897,2.702409744,4.865011215,-62,19.75716591,85.26622009,2425,13.75892925,9.787194252,9.924893379,9.992776871,9.940225601,9.997635841,9.950623512,9.955441475,7.530486107,7.543344975,10.01143074,7.530308723,2.780324221,3.717362165,2.727152348,14.99694824,19.96501923,9.976509094,9.963511467,19.82530975,27.38858223,-1,400.7500916,412.1618042,443.2583008,490.7716064,510.6972656,560.6427002,620.677002,665.427124,674.1602173,681.7271118,709.2678833,754.2905273,761.8883667,764.9642334,768.0256348,779.3643188,865.5533447,884.4134521,899.4064331,939.0241089,1015.898499,1586.474487,1768.029175,1963.235962,2007.130127,1979.798462,1856.370483,1705.127319,1581.496094,1544.854492,1518.105103,1449.588745,1309.248413,1290.307007,1279.950562,1271.280396,1212.808838,992.0783691,962.3718262,926.1782227,854.3577881,723.2589722,2147483647,19.75401497,85.26752472,102.5305786,2.395700693,146.852951,50.70885849,293.6152954,291.5413208,290.5039368,289.8395691,289.1078491,287.2526855,281.8211365,276.0783691,266.9415283,254.9699097,238.7629242,229.2776031,218.1553802,207.9020844,195.6068268,195.1871796,207.1629791,216.2018127,219.2063446,233.6884918,239.2614288,240.6210022,254.6890106,258.8403931,251.8910828,-1.400073528,-0.939301133,8.796332359,1016.394897,11.40211105,0.005263615,1,0,1,1,0,0,0,0,0,0,0,0,0,0,0,0,0,0,0,0,0,0,0,0,0,0,0,0,0,0,0,0,1
0,14,pin_14,19.78233,85.328024,279.5,212.5,27-12-2017,04:30:10,69.84387207,73.80396271,72.88872528,66.1007309,62.18680191,53.38077164,39.0259552,32.72996521,31.32692909,30.28548241,24.12292671,15.80312157,4.880442619,7.967754841,13.40652561,14.04146957,9.189594269,8.551909447,6.255416393,2.865598679,5.017346382,-62,19.78531456,85.32578278,2445,13.74648094,9.785420418,9.9264431,9.993192673,9.940087318,9.997189522,9.950734138,9.95514679,7.530628681,7.543136597,10.01140308,7.530025482,2.780137539,3.717607021,2.727565527,14.99721527,19.96489525,9.975325584,9.962976456,19.82652283,27.2654953,-1,400.741333,412.1480408,443.2422485,490.7565002,510.6811829,560.6279907,620.6622314,665.4129639,674.145874,681.7126465,709.2540283,754.2770996,761.8736572,764.9498291,768.0118408,779.3513794,865.5415649,884.3990479,899.3900757,939.0165405,1015.892456,1586.244019,1767.932251,1962.768921,2006.879517,1980.10376,1856.485596,1705.134033,1581.534668,1544.919434,1518.164429,1449.681641,1309.246338,1290.318237,1280.069946,1271.23877,1212.86731,992.0681763,962.3970337,926.1946411,854.3669434,723.2692871,2147483647,19.78216934,85.32710266,102.4827576,1.963575363,146.9213867,50.70320892,293.4605713,291.5652771,290.5488586,289.8925781,289.1381226,287.2311707,281.775177,276.0617676,266.9454346,254.9674377,238.7626495,229.2467499,218.1611633,207.9252014,195.6247253,195.1636963,207.1858063,216.2012024,219.1972198,233.7163849,239.2270966,240.6244965,254.7052612,258.8511963,251.9341888,-1.309749842,-1.035634279,8.430565834,1016.385681,11.29331398,0.005265058,1,0,1,1,0,0,0,0,0,0,0,0,0,0,0,0,0,0,0,0,0,0,0,0,0,0,0,0,0,0,0,0,1
0,15,pin_15,19.793974,85.342578,284.5,208.5,27-12-2017,04:30:10,68.65842438,72.39830017,70.53199005,62.46046448,58.55250931,49.50167847,35.83460236,29.61825371,28.28363228,27.51678848,22.1098671,15.06876278,4.715512276,7.786079884,12.72171307,13.34151745,8.854351997,8.183434486,6.069363117,2.738311291,5.095134735,-62,19.79818726,85.34207153,2450,13.74336624,9.784996033,9.926829338,9.993304253,9.940057755,9.997076988,9.950759888,9.955068588,7.530658245,7.543080807,10.01139545,7.529951572,2.780091047,3.717669249,2.727670193,14.99728584,19.96487236,9.975036621,9.962843895,19.82682991,27.23365784,-1,400.7391052,412.1445923,443.2382202,490.7527161,510.6771851,560.6242676,620.6585693,665.4094238,674.1422119,681.7090454,709.2504883,754.2736816,761.869873,764.946167,768.0083618,779.3480835,865.5385132,884.3953857,899.3859253,939.0145874,1015.890808,1586.185913,1767.907837,1962.652466,2006.81665,1980.179443,1856.514404,1705.135864,1581.544189,1544.935913,1518.179443,1449.705078,1309.245605,1290.321289,1280.10022,1271.228027,1212.882202,992.0654907,962.4035034,926.1987305,854.3693237,723.2722168,2147483647,19.79503632,85.34339905,102.4435959,1.855427623,146.9421082,50.70619965,293.5142517,291.570343,290.5467224,289.9060974,289.1440735,287.225647,281.758728,276.0557861,266.9453735,254.9626312,238.7607727,229.22995,218.1634369,207.9334717,195.6388702,195.1506042,207.1945953,216.2049255,219.1921844,233.7274323,239.2143555,240.6370697,254.7058258,258.8450012,251.9495392,-1.233602643,-0.993194222,8.35743618,1016.381714,11.22798347,0.005265053,1,0,1,1,0,0,0,0,0,0,0,0,0,0,0,0,0,0,0,0,0,0,0,0,0,0,0,0,0,0,0,0,1
0,16,pin_16,19.828904,85.456101,323.5,196.5,27-12-2017,04:30:10,69.29995728,73.34880066,72.6700592,67.10295105,64.6500473,59.32294846,49.78688431,44.31781387,42.56810379,41.55360031,37.15376663,22.31155968,6.31983614,11.22060585,18.76386833,20.41527939,12.01450729,10.812253,7.633217335,2.963512182,5.088652611,-62,19.83106995,85.45565796,2490,13.7263813,9.782754898,9.929112434,9.993764877,9.939679146,9.996446609,9.950854301,9.954872131,7.529641151,7.543156147,10.01102543,7.529378891,2.778928041,3.718486309,2.727964163,14.99817467,19.96340942,9.973438263,9.962655067,19.82734489,27.17591286,-1,400.7171936,412.1170654,443.2062378,490.7225647,510.6453552,560.5944214,620.6290283,665.3811035,674.1131592,681.6789551,709.2214355,754.2462158,761.8391724,764.9161987,767.9797363,779.3209229,865.5109863,884.3651123,899.3535156,938.9943848,1015.880554,1585.467163,1767.716797,1961.729004,2006.322876,1980.778564,1856.748047,1705.150635,1581.620728,1545.066895,1518.302979,1449.899048,1309.241455,1290.347046,1280.348877,1271.139648,1213.005859,992.0447998,962.4580078,926.2259521,854.3988647,723.2927246,2147483647,19.82791328,85.45700836,102.133316,0.990176857,147.0648804,50.67754364,293.5847778,291.6114807,290.6043701,289.940033,289.1850281,287.2221069,281.6741028,276.059845,266.9642334,254.9609222,238.7655487,229.2000427,218.1780396,207.9703369,195.6484985,195.1232758,207.2351685,216.1593781,219.1837158,233.7767334,239.1647644,240.6156769,254.7241974,258.9049072,252.0294495,-0.934176385,-1.137997985,8.354397774,1016.345886,11.22741604,0.005266325,1,0,1,1,0,0,0,0,0,0,0,0,0,0,0,0,0,0,0,0,0,0,0,0,0,0,0,0,0,0,0,0,1
0,17,pin_17,19.81726,85.38333,298.5,200.5,27-12-2017,04:30:10,66.80354309,69.73423767,65.29615021,53.76300049,48.95191574,39.63099289,28.8013134,23.22828293,22.24459267,21.58498001,22.85969925,15.88951683,4.850455284,8.114825249,13.46447182,14.1157074,9.130434036,8.414418221,6.185018063,2.816642046,5.085411549,-62,19.81971741,85.38158417,2463,13.73526192,9.783877373,9.92783165,9.993607521,9.93998909,9.996781349,9.950824738,9.954859734,7.530722141,7.542927742,10.01137638,7.529754162,2.779967785,3.717833281,2.727944851,14.99747086,19.96482658,9.974295616,9.962500572,19.82764435,27.14876747,-1,400.7333374,412.1356201,443.2277832,490.7427979,510.6667786,560.6146851,620.6489258,665.4000854,674.1327515,681.6994629,709.241272,754.2647095,761.8601074,764.9366455,767.9992065,779.3394775,865.5305176,884.3858032,899.375,939.0093994,1015.886169,1586.033569,1767.844482,1962.349487,2006.653198,1980.375366,1856.589722,1705.140747,1581.569336,1544.97876,1518.218872,1449.766602,1309.244141,1290.329712,1280.179688,1271.199585,1212.921387,992.0578613,962.4205933,926.2096558,854.3758545,723.2800903,2147483647,19.81655884,85.38291931,102.3423691,1.574232936,146.9886475,50.70501709,293.5793762,291.5795898,290.5584412,289.9318542,289.1587219,287.2197266,281.7236023,276.0498962,266.9484863,254.9567566,238.7593079,229.2041931,218.1686401,207.9500885,195.657547,195.1305084,207.2120667,216.2023621,219.1842499,233.749176,239.1902924,240.6490173,254.7103119,258.8467712,251.9824066,-1.089526296,-0.966118574,8.272903442,1016.3703,11.15459251,0.00526538,1,0,1,1,0,0,0,0,0,0,0,0,0,0,0,0,0,0,0,0,0,0,0,0,0,0,0,0,0,0,0,0,1
0,18,pin_18,19.820171,85.409527,307.5,199.5,27-12-2017,04:30:10,67.75189972,71.51473999,68.77050781,60.14498138,56.41231537,48.74809647,37.45225906,32.03750229,30.78484154,29.85239029,26.32513046,16.61667633,5.00039196,8.443571091,14.07026768,14.85808086,9.25861454,8.601406097,6.305701256,2.787268162,4.826117039,-62,19.82469368,85.40920258,2473,13.7290554,9.782996178,9.928596497,9.993854523,9.939945221,9.99655056,9.950871468,9.954687119,7.53076458,7.542803288,10.01136208,7.529596806,2.779873133,3.717961311,2.728158712,14.99761963,19.96480751,9.973736763,9.962237358,19.8282814,27.08137703,-1,400.7288208,412.1287231,443.2197266,490.7351074,510.658783,560.6072998,620.6414795,665.3928223,674.1254272,681.6920166,709.2341309,754.2577515,761.852478,764.9291992,767.9920654,779.3327637,865.524231,884.3782959,899.3665161,939.0053101,1015.882263,1585.915161,1767.795532,1962.116821,2006.527222,1980.525024,1856.647827,1705.144653,1581.588745,1545.012085,1518.249512,1449.814209,1309.243042,1290.33667,1280.241699,1271.177124,1212.951782,992.0518188,962.4341431,926.2181396,854.3809204,723.2866821,2147483647,19.8215332,85.41053772,102.2648926,1.35791564,147.0173492,50.69541931,293.5894775,291.59021,290.5738525,289.9364014,289.1683044,287.2192383,281.7046204,276.0525208,266.9541016,254.9576569,238.7613678,229.2015839,218.1722565,207.9578552,195.6556244,195.1267395,207.2209625,216.1871185,219.1837921,233.7602234,239.1800232,240.6381226,254.7149353,258.8673706,252.0000458,-1.0311867,-1.017652631,8.286958694,1016.361267,11.16769409,0.005265673,1,0,1,1,0,0,0,0,0,0,0,0,0,0,0,0,0,0,0,0,0,0,0,0,0,0,0,0,0,0,0,0,1
0,19,pin_19,19.823082,85.485209,333.5,198.5,27-12-2017,04:30:10,67.64032745,71.18006134,68.78266144,59.89154816,56.50317001,49.63756943,41.0568161,35.12291718,33.48576736,32.91496658,35.66085815,26.33613586,7.556814671,13.21903324,22.41971397,24.44530869,16.11630058,14.61249065,10.42401791,3.593421698,6.647660255,-62,19.82770729,85.48392487,2501,13.72762585,9.783154488,9.929177284,9.993526459,9.939444542,9.996477127,9.950807571,9.955148697,7.528481483,7.543572903,10.0106926,7.529253006,2.777652025,3.718806982,2.727232218,14.9986639,19.96205521,9.973480225,9.963231087,19.82609749,27.30815506,-1,400.7081909,412.1095581,443.1975403,490.7145996,510.6366882,560.5859375,620.6210327,665.3735962,674.1052856,681.6703491,709.2130127,754.2387695,761.8303833,764.9076538,767.9716797,779.3130493,865.5014038,884.3563843,899.3455811,938.9859619,1015.880981,1585.08606,1767.667969,1961.47937,2006.19165,1980.944458,1856.812988,1705.15332,1581.641479,1545.101685,1518.338135,1449.955688,1309.240723,1290.351807,1280.419189,1271.116577,1213.041626,992.0418701,962.4736328,926.2286987,854.4139404,723.2949219,2147483647,19.82456017,85.48527527,102.0477219,0.75222975,147.0910645,50.6603508,293.5728149,291.6291199,290.62323,289.9309082,289.1940918,287.223999,281.6595459,276.0678711,266.9728088,254.9658813,238.7702026,229.210144,218.1818542,207.9749451,195.6342163,195.1275787,207.2417297,216.1321411,219.1876526,233.7847137,239.1596985,240.5883331,254.7297363,258.942688,252.0428619,-0.908218086,-1.251886368,8.428647041,1016.335999,11.29228401,0.005266613,1,0,1,1,0,0,0,0,0,0,0,0,0,0,0,0,0,0,0,0,0,0,0,0,0,0,0,0,0,0,0,0,1
0,20,pin_20,19.799795,85.485209,333.5,206.5,27-12-2017,04:30:10,67.36139679,70.48392487,67.62858582,58.39397049,54.62545395,46.38851929,36.37088776,31.07330894,29.7387085,28.94753838,26.73719978,18.65416336,5.562654972,9.421156883,15.8929224,16.89960861,11.33416176,10.48777485,7.582932472,3.054898024,5.697994232,-62,19.80326653,85.48332977,2503,13.72785473,9.783231735,9.929189682,9.993484497,9.939403534,9.996482849,9.950798988,9.955198288,7.528269768,7.543648243,10.01063156,7.529229641,2.777420044,3.718866348,2.727099657,14.99875355,19.96181107,9.973488808,9.963335991,19.82587051,27.33187675,-1,400.706543,412.1081848,443.1959839,490.7131653,510.6351318,560.5843506,620.6195679,665.3722534,674.1038818,681.6687622,709.2114868,754.2374268,761.8287354,764.9061279,767.9702148,779.3116455,865.4996948,884.3547974,899.3441162,938.984375,1015.881042,1585.016479,1767.658936,1961.43396,2006.167725,1980.974487,1856.824829,1705.153931,1581.645386,1545.108032,1518.344604,1449.966064,1309.240601,1290.352661,1280.432129,1271.112305,1213.048218,992.0413208,962.4765015,926.229126,854.416687,723.2953491,2147483647,19.80012131,85.48468018,102.0301056,0.708925486,147.0812073,50.63929367,293.5798645,291.6369324,290.6159058,289.8972778,289.188324,287.2167053,281.6726074,276.0756226,266.980835,254.9738464,238.7770538,229.2478485,218.183609,207.9642944,195.6032867,195.1470642,207.2349091,216.0961609,219.2016754,233.7808533,239.1721802,240.5434723,254.7263489,258.994812,252.0254669,-1.041148067,-1.335848212,8.463148117,1016.334167,11.32282543,0.005265872,1,0,1,1,0,0,0,0,0,0,0,0,0,0,0,0,0,0,0,0,0,0,0,0,0,0,0,0,0,0,0,0,1
0,21,pin_21,19.788152,85.502674,339.5,210.5,27-12-2017,04:30:10,67.86347198,71.23361206,69.04991913,60.43297958,56.80603027,49.62521744,39.68532562,33.83440781,32.35404205,31.41461372,33.58024979,23.83787537,6.934576988,11.87809753,20.27572441,21.90532875,13.58718967,12.16515923,8.694224358,3.064689398,5.506764889,-62,19.79114342,85.5015564,2511,13.72877789,9.78353405,9.929236412,9.993322372,9.939239502,9.99650383,9.950763702,9.955397606,7.527420998,7.543946743,10.01038837,7.52913332,2.776492357,3.719106674,2.726570845,14.99911404,19.96084213,9.973524094,9.963758469,19.82497406,27.42585564,-1,400.6999817,412.1027222,443.1896667,490.7073364,510.6288452,560.578186,620.6137695,665.3668213,674.0981445,681.6624146,709.2052612,754.2319336,761.8222656,764.8998413,767.9642944,779.3058472,865.4926147,884.3483887,899.3381958,938.9781494,1015.881104,1584.737671,1767.623291,1961.252686,2006.072144,1981.094116,1856.872314,1705.156128,1581.660522,1545.133545,1518.370483,1450.007568,1309.23999,1290.356689,1280.484009,1271.095093,1213.074585,992.0386353,962.4882202,926.2311401,854.4278564,723.2973022,2147483647,19.78799438,85.5029068,101.8050766,0.679756522,147.0943451,50.61952209,293.6295166,291.6274414,290.599823,289.8904114,289.1885376,287.2055664,281.6674805,276.0828857,266.9893188,254.9776306,238.782608,229.2706146,218.1870728,207.9624939,195.5844879,195.1543884,207.2380219,216.0590363,219.2093964,233.7880554,239.1721954,240.5126343,254.7240143,259.0406494,252.0246735,-1.144480944,-1.375939846,8.48234272,1016.324158,11.30185986,0.00526548,1,0,1,1,0,0,0,0,0,0,0,0,0,0,0,0,0,0,0,0,0,0,0,0,0,0,0,0,0,0,0,0,1
0,22,pin_22,19.785241,85.534693,350.5,211.5,27-12-2017,04:30:10,66.32936096,69.57359314,66.7660675,57.89861679,54.02983093,46.7097168,36.66980362,31.15219688,29.7862606,28.93207169,26.54129791,18.45977402,5.525170803,9.41250515,15.66640759,16.71401596,10.99891853,10.07530403,7.246025085,2.966775894,5.548900127,-62,19.78982544,85.53295898,2523,13.73018742,9.784018517,9.929304123,9.993092537,9.939002037,9.99653244,9.950707436,9.955692291,7.526148796,7.544388294,10.01002121,7.528983593,2.775106907,3.719475985,2.725782156,14.99966145,19.95940781,9.973582268,9.964393616,19.82364464,27.56417465,-1,400.690033,412.0944824,443.1802063,490.6985474,510.6194763,560.5689697,620.6049805,665.3585205,674.0894165,681.652832,709.1959229,754.2236328,761.8125,764.8903198,767.9553223,779.2970581,865.4819336,884.338623,899.3292847,938.968689,1015.880981,1584.317627,1767.569458,1960.981079,2005.928467,1981.272583,1856.943726,1705.159668,1581.683594,1545.171997,1518.409546,1450.070435,1309.239136,1290.363159,1280.5625,1271.068481,1213.114746,992.0343628,962.5059814,926.2342529,854.4449463,723.3006592,2147483647,19.78667068,85.53430176,100.875824,0.685836136,147.1244049,50.60257339,293.7158508,291.6027222,290.5756226,289.9064331,289.1931763,287.191864,281.6484985,276.0892944,266.9972534,254.9775391,238.7866364,229.2796021,218.1914978,207.9678955,195.5771637,195.1511688,207.2488556,216.0239258,219.2112885,233.8035431,239.1623077,240.4961395,254.7223663,259.0773315,252.0369263,-1.220022559,-1.371456861,8.490522385,1016.308167,11.23911953,0.005265385,1,0,1,1,0,0,0,0,0,0,0,0,0,0,0,0,0,0,0,0,0,0,0,0,0,0,0,0,0,0,0,0,1
0,23,pin_23,19.78233,85.555069,357.5,212.5,27-12-2017,04:30:10,67.47296906,71.03279877,69.20783997,61.86143494,58.79479599,52.68895721,42.85030365,37.16525269,35.69215775,34.80200958,31.09432411,18.76215744,5.540164471,9.334644318,15.94560051,16.98445129,10.20025253,9.134868622,6.471641064,2.607760191,4.858528614,-62,19.78548431,85.55305481,2531,13.73114395,9.784351349,9.929349899,9.992949486,9.938850403,9.99655056,9.950669289,9.955887794,7.525294304,7.544678211,10.00977516,7.528880119,2.774184227,3.71972847,2.725259542,15.00003147,19.95846558,9.973624229,9.964819908,19.82276917,27.65461731,-1,400.6833801,412.0889893,443.1738892,490.6926575,510.6132202,560.5627441,620.5991211,665.3529663,674.0836182,681.6464233,709.1896362,754.2180176,761.8059082,764.8839111,767.9492188,779.2911377,865.4746704,884.3320313,899.3232422,938.9622803,1015.880737,1584.036377,1767.533447,1960.800171,2005.83252,1981.390747,1856.991455,1705.162231,1581.698853,1545.197876,1518.435913,1450.112671,1309.238647,1290.36792,1280.615479,1271.050171,1213.141724,992.0314941,962.5181885,926.2363281,854.4562988,723.3032227,2147483647,19.78232574,85.55439758,98.01068878,0.689884186,147.142334,50.58866501,293.7743225,291.586792,290.5578308,289.9125366,289.1951599,287.1815491,281.638092,276.0944824,267.0035095,254.9785156,238.7901764,229.290802,218.1946106,207.9698029,195.5681915,195.1517181,207.2549286,215.9959869,219.2144928,233.8131104,239.1576691,240.4794159,254.7205963,259.1083069,252.0421753,-1.291135669,-1.377422929,8.498096466,1016.297485,11.19910145,0.005265206,1,0,1,1,0,0,0,0,0,0,0,0,0,0,0,0,0,0,0,0,0,0,0,0,0,0,0,0,0,0,0,0,1
0,24,pin_24,19.764865,85.543426,353.5,218.5,27-12-2017,04:30:10,68.26792145,71.55490112,69.90028381,62.63326263,59.75384521,53.61549377,42.51622391,36.51661682,34.86476135,33.98996353,30.85789108,18.41657639,5.375234127,9.265435219,15.48203468,16.53902817,9.988261223,8.99187851,6.552096367,2.686090946,4.7839818,-62,19.76894379,85.5411377,2528,13.73078346,9.784223557,9.929332733,9.993001938,9.93890667,9.996543884,9.950683594,9.955814362,7.525618076,7.544569969,10.00986767,7.52891922,2.774530172,3.719633102,2.725455046,14.99989223,19.95881844,9.973608017,9.964659691,19.82309723,27.62084961,-1,400.6858826,412.0910645,443.176239,490.6948853,510.6155701,560.5650635,620.6013184,665.3550415,674.0857544,681.6488647,709.1920166,754.2201538,761.8083496,764.8862915,767.9515381,779.293396,865.477417,884.3344727,899.3255615,938.9646606,1015.880859,1584.141968,1767.546875,1960.86792,2005.86853,1981.346558,1856.973511,1705.161255,1581.692993,1545.188232,1518.425903,1450.09668,1309.23877,1290.366211,1280.595581,1271.057007,1213.13147,992.0325317,962.5135498,926.2354736,854.4519653,723.3022461,2147483647,19.76578712,85.54248047,99.71361542,0.688359439,147.1244507,50.5802002,293.7442322,291.5994263,290.5565491,289.8845215,289.1878052,287.1802979,281.6529541,276.0979614,267.0060425,254.9833984,238.7932129,229.3141174,218.1947327,207.9598846,195.550705,195.1652832,207.2461395,215.9825287,219.2237091,233.8068695,239.1684723,240.4559174,254.7158661,259.1296692,252.0242157,-1.380241036,-1.433210373,8.500452995,1016.301758,11.22072601,0.005264689,1,0,1,1,0,0,0,0,0,0,0,0,0,0,0,0,0,0,0,0,0,0,0,0,0,0,0,0,0,0,0,0,1
0,25,pin_25,19.750311,85.520139,345.5,223.5,27-12-2017,04:30:10,69.20233154,73.09443665,72.65790558,67.19511414,64.74090576,59.75533295,49.91875839,44.72101974,42.84390259,42.00215912,36.86328888,21.51240349,6.237370968,10.72748756,18.15807152,19.58275986,11.35388184,9.998309135,7.145455837,2.748102665,4.719158173,-62,19.75457764,85.5191803,2521,13.7299509,9.783938408,9.929292679,9.99312973,9.939041138,9.996527672,9.950716972,9.955643654,7.526360989,7.544315338,10.01008224,7.529009342,2.775337696,3.719413757,2.725913286,14.99956989,19.95964622,9.973571777,9.964287758,19.82386589,27.5413475,-1,400.6917114,412.0958557,443.1817627,490.7000122,510.6210327,560.5704956,620.6064453,665.3599243,674.0908813,681.65448,709.1975098,754.2250366,761.8141479,764.8919067,767.9567871,779.2985229,865.4837036,884.340271,899.3308105,938.9702759,1015.881042,1584.387817,1767.578491,1961.026367,2005.952393,1981.24292,1856.931763,1705.159058,1581.679688,1545.165649,1518.402954,1450.059937,1309.23938,1290.362061,1280.549316,1271.072876,1213.108032,992.0350952,962.5030518,926.2336426,854.4420776,723.3001099,2147483647,19.75142288,85.52051544,101.132164,0.684803724,147.0976105,50.57870102,293.6835327,291.6218872,290.5655518,289.8535461,289.1784363,287.184082,281.6742554,276.09729,267.0049744,254.9872589,238.7949524,229.3316193,218.1929932,207.9499512,195.538269,195.1775665,207.2338867,215.9837646,219.2308197,233.7963715,239.1806793,240.4404297,254.7115631,259.135376,252.0039215,-1.436085582,-1.511627436,8.503192902,1016.311829,11.27595711,0.005264276,1,0,1,1,0,0,0,0,0,0,0,0,0,0,0,0,0,0,0,0,0,0,0,0,0,0,0,0,0,0,0,0,1
0,26,pin_26,19.738668,85.491031,335.5,227.5,27-12-2017,04:30:10,70.12280273,74.51348877,74.84456635,69.533638,67.34548187,62.46081543,53.70794296,49.05988693,47.37080383,46.56509018,41.53115463,25.21299934,7.121997833,12.64805412,21.4030304,23.19387817,13.36533833,11.62069702,8.18132019,2.947193146,5.114582062,-62,19.74183655,85.48968506,2511,13.72877789,9.78353405,9.929236412,9.993322372,9.939239502,9.99650383,9.950763702,9.955397606,7.527420998,7.543946743,10.01038837,7.52913332,2.776492357,3.719106674,2.726570845,14.99911404,19.96084213,9.973524094,9.963758469,19.82497406,27.42585564,-1,400.6999817,412.1027222,443.1896667,490.7073364,510.6288452,560.578186,620.6137695,665.3668213,674.0981445,681.6624146,709.2052612,754.2319336,761.8222656,764.8998413,767.9642944,779.3058472,865.4926147,884.3483887,899.3381958,938.9781494,1015.881104,1584.737671,1767.623291,1961.252686,2006.072144,1981.094116,1856.872314,1705.156128,1581.660522,1545.133545,1518.370483,1450.007568,1309.23999,1290.356689,1280.484009,1271.095093,1213.074585,992.0386353,962.4882202,926.2311401,854.4278564,723.2973022,2147483647,19.73868752,85.49102783,101.8075714,0.679717541,147.0640411,50.58242416,293.6047058,291.6354065,290.573822,289.8278198,289.1664429,287.1911621,281.6988525,276.094574,267.0015259,254.9908142,238.7952423,229.3449402,218.1902161,207.9376678,195.5290375,195.1894684,207.2207184,215.9946442,219.2365417,233.7828827,239.1954956,240.4316254,254.7076416,259.131958,251.9813995,-1.465982556,-1.581550598,8.505628586,1016.325989,11.34877968,0.005263917,1,0,1,1,0,0,0,0,0,0,0,0,0,0,0,0,0,0,0,0,0,0,0,0,0,0,0,0,0,0,0,0,1
0,27,pin_27,19.721203,85.45319,322.5,233.5,27-12-2017,04:30:10,69.66256714,73.76380157,72.88872528,66.00856781,63.06509018,56.95101929,47.87910461,43.35361862,41.73119736,40.82662582,37.809021,24.71622658,7.144488335,12.34526157,21.05008888,22.74845314,13.59704971,12.04966736,8.382459641,3.071216822,5.299329281,-62,19.72552299,85.45141602,2498,13.72728348,9.783041954,9.929160118,9.993590355,9.939508438,9.996468544,9.950820923,9.955073357,7.528800011,7.543459892,10.0107832,7.529287815,2.778000116,3.718718767,2.727431297,14.99852943,19.96242332,9.973468781,9.96307373,19.82643509,27.27238846,-1,400.7106628,412.1116028,443.1999207,490.7167969,510.6390381,560.5882568,620.62323,665.3756714,674.1074829,681.6727295,709.215332,754.2408447,761.8327637,764.9100342,767.973877,779.3152466,865.5040283,884.3588257,899.3477173,938.9882813,1015.880859,1585.190186,1767.681274,1961.547363,2006.227417,1980.899414,1856.795166,1705.152588,1581.635864,1545.092163,1518.328491,1449.940186,1309.240967,1290.350342,1280.399902,1271.122925,1213.031738,992.0427246,962.4692993,926.2279053,854.4098511,723.2942505,2147483647,19.72237396,85.45276642,102.0708313,0.816998601,147.0206146,50.58748627,293.5033875,291.6186523,290.5579834,289.8144531,289.1430054,287.1999817,281.7265015,276.0943298,266.99646,254.9937439,238.7950592,229.3629913,218.187973,207.9186096,195.5205688,195.201416,207.2055969,216.0046539,219.242981,233.772171,239.2119904,240.4268799,254.6937256,259.1254272,251.9487457,-1.565791965,-1.659901738,8.52100563,1016.341553,11.42197037,0.00526354,1,0,1,1,0,0,0,0,0,0,0,0,0,0,0,0,0,0,0,0,0,0,0,0,0,0,0,0,0,0,0,0,1
0,28,pin_28,19.709559,85.424082,312.5,237.5,27-12-2017,04:30:10,71.18273163,75.34349823,75.77997589,70.31698608,67.72910309,62.59670639,54.44643784,50.47111511,49.30139542,48.397995,42.75384903,27.7040596,7.879178524,13.6775465,23.74193001,25.83460808,15.30284405,13.47406864,9.378096581,3.107118368,5.471111774,-62,19.71276855,85.42193604,2488,13.72615814,9.782682419,9.92910099,9.9938097,9.939723015,9.996439934,9.950862885,9.954821587,7.529849529,7.543079853,10.01108551,7.529401302,2.779160023,3.71842885,2.728097916,14.99808598,19.96365738,9.973430634,9.962550163,19.82757378,27.15154076,-1,400.718811,412.1184387,443.2077942,490.723999,510.6469116,560.5959473,620.6304932,665.3824463,674.114563,681.680542,709.2229614,754.2475586,761.8407593,764.9177856,767.9812012,779.3223267,865.5126953,884.3666992,899.3549805,938.9959106,1015.880432,1585.536377,1767.725708,1961.774414,2006.34668,1980.748413,1856.736084,1705.150146,1581.616943,1545.060547,1518.296631,1449.888794,1309.241577,1290.346191,1280.336182,1271.143799,1212.999268,992.0452881,962.4552002,926.2254639,854.3961182,723.2923584,2147483647,19.70961189,85.42327881,102.1477814,1.033305407,146.9871216,50.59125137,293.4427185,291.5964355,290.5375977,289.8094177,289.1253967,287.2046814,281.7466125,276.0968628,266.9927979,254.9954987,238.7949982,229.3778839,218.186142,207.9043884,195.514328,195.2111816,207.1943817,216.0106354,219.2471008,233.7642212,239.2247009,240.4263153,254.6819153,259.1187134,251.9230804,-1.662324548,-1.686384559,8.562078476,1016.350769,11.46454048,0.00526331,1,0,1,1,0,0,0,0,0,0,0,0,0,0,0,0,0,0,0,0,0,0,0,0,0,0,0,0,0,0,0,0,1
0,29,pin_29,19.700827,85.394973,302.5,240.5,27-12-2017,04:30:10,69.49520874,73.38896179,72.73079681,66.2389679,63.56985474,56.5186348,41.29418945,34.63205719,33.36213303,32.12612152,25.14972115,15.63753128,4.790480614,8.04561615,13.18527889,13.95662689,8.93816185,8.304426193,6.064334869,2.702409744,4.712675571,-62,19.7052021,85.39370728,2478,13.72596264,9.782496452,9.928979874,9.993982315,9.939925194,9.996435165,9.950893402,9.954593658,7.530783176,7.542738438,10.01135445,7.52951622,2.779825926,3.718025923,2.728266478,14.99769592,19.96480179,9.973461151,9.962106705,19.82860374,27.04694557,-1,400.7265625,412.1252747,443.2156982,490.7312622,510.6548157,560.6035767,620.6377563,665.3892212,674.1217041,681.6882935,709.2305298,754.2542114,761.8486328,764.925415,767.9884644,779.3293457,865.5210571,884.3744507,899.3622437,939.0031738,1015.880249,1585.855713,1767.771118,1962.00061,2006.464233,1980.599487,1856.677002,1705.146729,1581.598511,1545.028931,1518.264893,1449.838379,1309.242432,1290.340332,1280.272949,1271.165771,1212.967163,992.0487671,962.440979,926.2224121,854.3835449,723.2901611,2147483647,19.70203972,85.39505005,102.225029,1.249627233,146.9568176,50.59892654,293.3995972,291.5794067,290.5229187,289.8070068,289.112793,287.2085876,281.7637634,276.0979614,266.9883118,254.9960785,238.7936707,229.384964,218.1836548,207.8935699,195.5132141,195.2188416,207.1851807,216.024231,219.2481079,233.7550964,239.2360687,240.4339142,254.6740417,259.1033936,251.9030151,-1.703186274,-1.670727491,8.608281136,1016.359924,11.49915409,0.005263177,1,0,1,1,0,0,0,0,0,0,0,0,0,0,0,0,0,0,0,0,0,0,0,0,0,0,0,0,0,0,0,0,1
0,30,pin_30,19.695005,85.377508,296.5,242.5,27-12-2017,04:30:10,69.71835327,73.83074188,72.80368805,66.26200867,63.08528137,55.57974625,42.0414772,35.56995392,34.17050934,33.16244888,26.29135513,16.21349907,4.970404625,8.348407745,13.81741333,14.39144611,9.288194656,8.436416626,6.300673008,2.777476788,4.87149334,-62,19.6980648,85.37615204,2472,13.72967339,9.783091545,9.928520203,9.993829727,9.939949036,9.996574402,9.950866699,9.954706192,7.530760288,7.542815685,10.01136303,7.529612541,2.779882669,3.717948437,2.728137255,14.99760437,19.96480751,9.973792076,9.962264061,19.82821655,27.08820343,-1,400.7292786,412.1293945,443.22052,490.7358704,510.6595764,560.6080322,620.6422119,665.3935547,674.1261597,681.692749,709.2348633,754.2584839,761.8532104,764.9299316,767.9927979,779.3334351,865.5249023,884.3790283,899.3673706,939.0056763,1015.88269,1585.927002,1767.800415,1962.140015,2006.539795,1980.510132,1856.641968,1705.144287,1581.586792,1545.008789,1518.246338,1449.809448,1309.243164,1290.33606,1280.235474,1271.179321,1212.94873,992.0524292,962.4328003,926.2172852,854.3804321,723.2860718,2147483647,19.69490242,85.37748718,102.2713013,1.379419923,146.9370422,50.60158539,293.3726196,291.5692139,290.5110474,289.8025208,289.103302,287.2095337,281.7745667,276.0993958,266.9864502,254.9970093,238.7934723,229.3932953,218.1828156,207.8851166,195.5100098,195.2256165,207.179184,216.0292969,219.2499542,233.7504425,239.2438965,240.4345551,254.6672058,259.0999756,251.8884277,-1.731518507,-1.672813535,8.64513588,1016.365784,11.52629948,0.00526299,1,0,1,1,0,0,0,0,0,0,0,0,0,0,0,0,0,0,0,0,0,0,0,0,0,0,0,0,0,0,0,0,1
0,31,pin_31,19.692094,85.354222,288.5,243.5,27-12-2017,04:30:10,69.57888794,73.28186035,71.61316681,64.6953125,61.02584839,52.10832977,37.89183807,31.51157761,30.10009956,29.17955208,23.29878807,15.24155331,4.760493279,7.837986946,12.96929932,13.45287323,8.849421501,8.095440865,6.054277897,2.735047579,5.017346382,-62,19.69514084,85.3516922,2463,13.73526192,9.783877373,9.92783165,9.993607521,9.93998909,9.996781349,9.950824738,9.954859734,7.530722141,7.542927742,10.01137638,7.529754162,2.779967785,3.717833281,2.727944851,14.99747086,19.96482658,9.974295616,9.962500572,19.82764435,27.14876747,-1,400.7333374,412.1356201,443.2277832,490.7427979,510.6667786,560.6146851,620.6489258,665.4000854,674.1327515,681.6994629,709.241272,754.2647095,761.8601074,764.9366455,767.9992065,779.3394775,865.5305176,884.3858032,899.375,939.0093994,1015.886169,1586.033569,1767.844482,1962.349487,2006.653198,1980.375366,1856.589722,1705.140747,1581.569336,1544.97876,1518.218872,1449.766602,1309.244141,1290.329712,1280.179688,1271.199585,1212.921387,992.0578613,962.4205933,926.2096558,854.3758545,723.2800903,2147483647,19.69198036,85.35301971,102.3410416,1.574115753,146.9121704,50.61142349,293.3427124,291.5594177,290.5046692,289.8013916,289.0960388,287.2123108,281.7879944,276.0993958,266.981781,254.9967346,238.7912445,229.3937683,218.1800079,207.8780823,195.5127258,195.2312775,207.1722565,216.0475006,219.2483978,233.7409973,239.2531738,240.4473419,254.6634979,259.0794678,251.8748474,-1.726141691,-1.628229022,8.687943459,1016.374084,11.55162525,0.005262956,1,0,1,1,0,0,0,0,0,0,0,0,0,0,0,0,0,0,0,0,0,0,0,0,0,0,0,0,0,0,0,0,1
0,32,pin_32,19.680451,85.328024,279.5,247.5,27-12-2017,04:30:10,68.03083038,71.51473999,68.26029205,59.23491669,54.78697586,44.8690033,32.49378967,26.79579735,25.61123848,24.75582886,20.74531174,14.70158291,4.5655756,7.448682785,12.36350346,12.94911957,8.617710114,7.919452667,6.014050007,2.686090946,4.767775536,-62,19.68388367,85.32787323,2455,13.74024963,9.784564018,9.92721653,9.993418694,9.940030098,9.996963501,9.950785637,9.954989433,7.530683994,7.543023109,10.01138783,7.529876709,2.78004384,3.717731953,2.727775574,14.99735641,19.96485138,9.974749565,9.962711334,19.82714272,27.20137405,-1,400.736908,412.1411438,443.2341919,490.7489014,510.6731873,560.6206055,620.6548462,665.4058228,674.1386108,681.7053223,709.2469482,754.2702637,761.8661499,764.9425049,768.0048828,779.3447876,865.5354614,884.3917236,899.3817749,939.0125732,1015.889099,1586.127563,1767.883545,1962.535767,2006.753784,1980.255005,1856.543335,1705.137695,1581.553955,1544.952271,1518.19458,1449.728638,1309.245117,1290.324341,1280.130737,1271.217163,1212.897217,992.0626831,962.4100342,926.2030029,854.3718262,723.2750854,2147483647,19.68072891,85.32920074,102.4026871,1.747159958,146.8847504,50.61367416,293.3059692,291.5508423,290.4898987,289.7902527,289.0830078,287.2106628,281.8022156,276.1018982,266.9802551,254.9984741,238.791275,229.4077148,218.1794891,207.8653107,195.5067444,195.2432098,207.1642914,216.0532227,219.2512512,233.735321,239.2645874,240.4455872,254.6531982,259.079895,251.8543243,-1.744801998,-1.633233428,8.747545242,1016.382996,11.59332371,0.00526259,1,0,1,1,0,0,0,0,0,0,0,0,0,0,0,0,0,0,0,0,0,0,0,0,0,0,0,0,0,0,0,0,1
0,33,pin_33,19.67754,85.298916,269.5,248.5,27-12-2017,04:30:10,67.04063416,69.94843292,65.40547943,54.22379303,49.4566803,39.24802399,29.38155937,24.37655067,23.16709137,22.52850151,22.33279037,16.22069931,5.075360775,8.556036949,13.73839664,14.56113148,9.657948494,8.975379944,6.677808285,2.924346924,5.166440964,-62,19.68203163,85.29839325,2444,13.74710369,9.785506248,9.926365852,9.993170738,9.940093994,9.99721241,9.950728416,9.955162048,7.530622005,7.543148041,10.01140404,7.530039787,2.780146599,3.717594624,2.727544785,14.99720192,19.96490097,9.975383759,9.963003159,19.82645988,27.27181053,-1,400.7417603,412.1487427,443.243042,490.7572632,510.6820068,560.6287231,620.6630249,665.4136963,674.1466064,681.7133789,709.2546997,754.277771,761.8743896,764.9505615,768.0125732,779.3520508,865.5421143,884.3997803,899.3909302,939.0169067,1015.892822,1586.255615,1767.937134,1962.792236,2006.891968,1980.088623,1856.479858,1705.133667,1581.532593,1544.91626,1518.161377,1449.677002,1309.246338,1290.317627,1280.063843,1271.240967,1212.864502,992.0686646,962.395752,926.1938477,854.366394,723.2687378,2147483647,19.67889023,85.29972076,102.4880676,1.985101223,146.8554077,50.62701035,293.2703857,291.5457764,290.4885559,289.7866211,289.0765991,287.2122498,281.8175659,276.1014709,266.9745483,254.9978638,238.7879791,229.4057007,218.1758881,207.8578033,195.5117188,195.2506409,207.1565704,216.0788727,219.2479095,233.7231293,239.2756348,240.4638367,254.6503601,259.0524292,251.840271,-1.706381202,-1.56309104,8.799399376,1016.394043,11.62150288,0.005262559,1,0,1,1,0,0,0,0,0,0,0,0,0,0,0,0,0,0,0,0,0,0,0,0,0,0,0,0,0,0,0,0,1
0,34,pin_34,19.671719,85.258164,255.5,250.5,27-12-2017,04:30:10,68.78393555,72.25104523,70.30117035,62.95581818,59.7639389,51.97243881,35.03456497,28.62776375,27.13288689,26.21751404,20.73180008,14.57199001,4.595562935,7.587102413,12.34243202,12.90669823,8.676870346,7.968949318,6.009021759,2.728519917,4.748328686,-62,19.67454529,85.25701904,2429,13.75644112,9.786839485,9.925205231,9.992856026,9.940196037,9.99754715,9.9506464,9.955384254,7.530516624,7.543305397,10.01142597,7.53025341,2.780286789,3.717410564,2.727234125,14.99699974,19.96499062,9.976269722,9.963403702,19.82555008,27.36448479,-1,400.7483521,412.1590576,443.2550964,490.7685852,510.6940613,560.6397705,620.6740723,665.4243164,674.1573486,681.7242432,709.2651367,754.2878418,761.885437,764.9613647,768.0228882,779.3617554,865.5510254,884.4105835,899.4031982,939.022644,1015.8974,1586.428711,1768.009888,1963.142578,2007.0802,1979.859741,1856.393433,1705.128662,1581.503662,1544.86731,1518.116821,1449.6073,1309.248047,1290.309082,1279.974121,1271.272217,1212.820435,992.076355,962.3768311,926.1814575,854.3595581,723.2609253,2147483647,19.67139816,85.25832367,102.5245209,2.309194326,146.8124542,50.64151001,293.4216614,291.5041809,290.465271,289.7792358,289.0516968,287.2164001,281.8405457,276.1031189,266.9676819,254.9941101,238.7842102,229.4085693,218.1727448,207.8457794,195.517807,195.2593079,207.1448364,216.0978851,219.2450256,233.7109375,239.2902679,240.4841919,254.6356354,259.0231934,251.8200073,-1.66357708,-1.404064178,8.948914528,1016.401733,11.62412357,0.00526135,1,0,1,1,0,0,0,0,0,0,0,0,0,0,0,0,0,0,0,0,0,0,0,0,0,0,0,0,0,0,0,0,1
0,35,pin_35,19.657164,85.229056,245.5,255.5,27-12-2017,04:30:10,69.9833374,73.84412384,72.09909821,64.6953125,62.16661072,56.32097626,38.08525467,30.69639587,29.28221321,28.17416,22.41385269,15.41434288,4.790480614,7.820684433,13.12733269,13.58544064,8.93816185,8.238430977,6.149818897,2.764421701,4.887699604,-63,19.66176033,85.22757721,2419,13.76266098,9.787643433,9.924426079,9.992660522,9.940273285,9.997768402,9.950588226,9.955526352,7.530438423,7.543402195,10.01143932,7.530389786,2.780380726,3.717290163,2.727030039,14.99687195,19.96506691,9.976872444,9.963672638,19.82495308,27.4243145,-1,400.7526855,412.1659546,443.2631226,490.7760925,510.7021179,560.6471558,620.6813965,665.4313354,674.1644897,681.7314453,709.2720337,754.2944946,761.8927002,764.9684448,768.0297241,779.368103,865.5567627,884.4176636,899.4112549,939.0263062,1015.900146,1586.543213,1768.058228,1963.376099,2007.2052,1979.706055,1856.33606,1705.125488,1581.484497,1544.835205,1518.087646,1449.561157,1309.249023,1290.303955,1279.915161,1271.292603,1212.791504,992.0814209,962.364502,926.1734009,854.3551636,723.2562256,2147483647,19.65860939,85.22886658,102.5323792,2.525186539,146.7790375,50.6453476,293.5436401,291.4601746,290.4526672,289.7731323,289.0256348,287.2140503,281.8596497,276.1058044,266.9648743,254.9938965,238.7833099,229.4219513,218.1723328,207.832489,195.5140076,195.2723999,207.1352386,216.0996399,219.2454834,233.7049713,239.3021851,240.4853058,254.6198883,259.0200806,251.8013763,-1.65543735,-1.326174617,9.056595802,1016.404541,11.64208889,0.005260161,1,0,1,1,0,0,0,0,0,0,0,0,0,0,0,0,0,0,0,0,0,0,0,0,0,0,0,0,0,0,0,0,1
0,36,pin_36,19.660075,85.217413,241.5,254.5,27-12-2017,04:30:10,69.62072754,73.48267365,70.92073059,63.27837372,60.10717773,53.1460495,36.81047058,30.18800354,28.76865768,27.78747177,25.16998672,24.18345642,7.286928177,12.3106575,21.07642746,22.57346535,17.85660362,17.20831108,12.78739929,5.427666187,12.22248936,-63,19.6644516,85.21502686,2414,13.76576996,9.787942886,9.924036026,9.992567062,9.940314293,9.997877121,9.950558662,9.955594063,7.530396938,7.543448448,10.01144695,7.530456066,2.780427933,3.717230558,2.726928711,14.99681091,19.96510887,9.97717762,9.96380806,19.82465935,27.45366478,-1,400.7548218,412.1693726,443.2671204,490.7798462,510.7061462,560.6508179,620.6851196,665.4348755,674.1680298,681.7349854,709.2753906,754.2977295,761.8963013,764.9719849,768.0330811,779.3712769,865.5596313,884.4211426,899.4152832,939.0281372,1015.901367,1586.600098,1768.082153,1963.493164,2007.267822,1979.628784,1856.307495,1705.124023,1581.474976,1544.819092,1518.07312,1449.53833,1309.249512,1290.301514,1279.885864,1271.30249,1212.7771,992.0838623,962.3584595,926.1693726,854.3530273,723.2540283,2147483647,19.66130066,85.21630859,102.5366364,2.633200884,146.7679138,50.65407944,293.6221008,291.4387207,290.4503479,289.7797546,289.0196838,287.2181702,281.8663025,276.1047974,266.9608459,254.9913025,238.780838,229.4145355,218.1701355,207.8326416,195.5212097,195.2708282,207.1324158,216.1111145,219.2417145,233.6994171,239.3048859,240.5000763,254.6187897,258.9989014,251.8002777,-1.628502011,-1.236781716,9.097707748,1016.404541,11.62925816,0.005259891,1,0,1,1,0,0,0,0,0,0,0,0,0,0,0,0,0,0,0,0,0,0,0,0,0,0,0,0,0,0,0,0,1
0,37,pin_37,19.700827,85.275629,261.5,240.5,27-12-2017,04:30:10,69.69046021,73.32202148,71.68605804,65.09850311,62.53004074,56.5186348,38.91166306,31.66058922,30.24275398,29.08674622,23.01506805,15.19835567,4.715512276,7.898545265,12.93769264,13.45287323,8.844491959,8.216432571,6.104562759,2.731783867,4.761293411,-62,19.70353699,85.27450562,2433,13.75395203,9.786476135,9.925516129,9.992937088,9.940167427,9.997458458,9.950669289,9.95532608,7.530546188,7.543264866,10.01142025,7.53019762,2.780249357,3.717459202,2.727316618,14.99705219,19.96496391,9.976031303,9.96329689,19.82579041,27.34013939,-1,400.746582,412.156311,443.2518921,490.7655945,510.6908264,560.6368408,620.6711426,665.4215088,674.15448,681.7213745,709.2623901,754.2851563,761.8825073,764.9584961,768.0201416,779.3591919,865.548645,884.4077148,899.3999634,939.0211182,1015.89624,1586.38269,1767.990479,1963.04895,2007.029907,1979.921021,1856.416504,1705.130005,1581.511353,1544.880371,1518.128784,1449.625732,1309.247559,1290.311279,1279.997925,1271.264038,1212.832031,992.0743408,962.3817749,926.1847534,854.3613281,723.2629395,2147483647,19.70039177,85.27581787,102.5222626,2.222839832,146.8404846,50.65789032,293.4053955,291.5213928,290.4917908,289.8093262,289.0804749,287.2292175,281.8262329,276.0952759,266.9616394,254.9885254,238.7791443,229.3659973,218.1674957,207.8690186,195.542572,195.2345428,207.1537476,216.1258087,219.2334595,233.7059937,239.2768097,240.5202179,254.6609344,258.973053,251.8503723,-1.602386951,-1.30956471,8.853507042,1016.396423,11.56382465,0.00526274,1,0,1,1,0,0,0,0,0,0,0,0,0,0,0,0,0,0,0,0,0,0,0,0,0,0,0,0,0,0,0,0,1
0,38,pin_38,19.715381,85.269808,259.5,235.5,27-12-2017,04:30:10,69.8578186,73.10782623,71.40665436,64.03868103,61.41956329,55.33267212,37.83029556,30.73145866,29.04445648,28.06588745,22.41385269,14.99676609,4.670531273,7.786079884,12.80599785,13.35212326,8.883932114,8.11193943,6.099534035,2.754630327,5.036793709,-62,19.71867371,85.2675705,2429,13.75644112,9.786839485,9.925205231,9.992856026,9.940196037,9.99754715,9.9506464,9.955384254,7.530516624,7.543305397,10.01142597,7.53025341,2.780286789,3.717410564,2.727234125,14.99699974,19.96499062,9.976269722,9.963403702,19.82555008,27.36448479,-1,400.7483521,412.1590576,443.2550964,490.7685852,510.6940613,560.6397705,620.6740723,665.4243164,674.1573486,681.7242432,709.2651367,754.2878418,761.885437,764.9613647,768.0228882,779.3617554,865.5510254,884.4105835,899.4031982,939.022644,1015.8974,1586.428711,1768.009888,1963.142578,2007.0802,1979.859741,1856.393433,1705.128662,1581.503662,1544.86731,1518.116821,1449.6073,1309.248047,1290.309082,1279.974121,1271.272217,1212.820435,992.076355,962.3768311,926.1814575,854.3595581,723.2609253,2147483647,19.71552467,85.26887512,102.5260696,2.309260368,146.8395538,50.67461395,293.4877319,291.513092,290.4936829,289.8232727,289.0866089,287.2401428,281.8269348,276.0912781,266.9548645,254.9825134,238.774231,229.3399811,218.1629181,207.8787231,195.5617828,195.2214355,207.1542816,216.1504974,219.2250671,233.6981201,239.2743835,240.5526123,254.6692963,258.9281311,251.8609161,-1.544497967,-1.169185162,8.870491028,1016.396118,11.51802254,0.00526294,1,0,1,1,0,0,0,0,0,0,0,0,0,0,0,0,0,0,0,0,0,0,0,0,0,0,0,0,0,0,0,0,1
0,39,pin_39,19.724114,85.325113,278.5,232.5,27-12-2017,04:30:10,69.67651367,73.45589447,72.64575958,66.2389679,62.72185135,54.60379791,38.74462509,32.063797,30.73728943,29.53530502,23.19746017,15.32794857,4.752996445,7.872591972,12.97983456,13.58013821,8.839561462,8.309926033,6.059306145,2.751366377,4.673781395,-62,19.72865295,85.32276154,2449,13.74398899,9.785079956,9.92675209,9.993282318,9.940063477,9.997099876,9.950755119,9.955084801,7.530652523,7.543092251,10.01139736,7.529966354,2.780100346,3.717656851,2.727649212,14.99727249,19.96487617,9.975093842,9.962870598,19.82676888,27.24006081,-1,400.739563,412.1452942,443.2390137,490.753479,510.6779785,560.625,620.6593018,665.4100952,674.1429443,681.7097168,709.2512207,754.274353,761.8706665,764.9468994,768.0090942,779.3487549,865.5391235,884.3961182,899.3867798,939.0149536,1015.891174,1586.197632,1767.912842,1962.675659,2006.829224,1980.164307,1856.508667,1705.135498,1581.542358,1544.932617,1518.176392,1449.700439,1309.245728,1290.320557,1280.094116,1271.230225,1212.879395,992.065979,962.4021606,926.197937,854.3688354,723.2715454,2147483647,19.72550392,85.32408905,102.4509125,1.877002597,146.8968811,50.65531158,293.3344116,291.5556641,290.5427246,289.836792,289.1157532,287.2302856,281.797699,276.0883179,266.9637756,254.9878845,238.7787323,229.3352051,218.1672363,207.8954468,195.5537415,195.2127838,207.1700439,216.124054,219.2264557,233.7140961,239.2542114,240.5248108,254.6890717,258.9677124,251.892334,-1.570884347,-1.356730103,8.66391468,1016.38269,11.50863457,0.005264293,1,0,1,1,0,0,0,0,0,0,0,0,0,0,0,0,0,0,0,0,0,0,0,0,0,0,0,0,0,0,0,0,1
0,40,pin_40,19.741579,85.333846,281.5,226.5,27-12-2017,04:30:10,67.62638092,70.72489166,67.17910767,56.02088547,51.05173111,40.77989578,29.65409851,24.429142,23.2431736,22.47436523,20.18462753,14.13281441,4.445626259,7.362171173,12.11591721,12.48778725,8.385997772,7.759963989,5.822968006,2.718728781,4.709434509,-62,19.7457428,85.33213806,2451,13.74274254,9.784912109,9.926906586,9.993327141,9.940052032,9.9970541,9.950764656,9.955053329,7.53066349,7.543069363,10.0113945,7.52993679,2.780081749,3.717681885,2.727691174,14.99730015,19.96486855,9.974978447,9.962817192,19.82689285,27.2272377,-1,400.738678,412.1438904,443.2374268,490.7519531,510.6763916,560.6235352,620.6578369,665.4086914,674.1414795,681.708313,709.2498169,754.2730103,761.8691406,764.9454346,768.0076904,779.3474121,865.5379028,884.3946533,899.3850708,939.0141602,1015.890442,1586.174194,1767.903076,1962.62915,2006.804077,1980.19458,1856.520142,1705.13623,1581.546143,1544.939209,1518.182495,1449.709717,1309.245483,1290.321899,1280.106201,1271.225952,1212.885254,992.0649414,962.4047852,926.199646,854.369812,723.2727661,2147483647,19.74259186,85.33346558,102.4359894,1.833755493,146.9124908,50.66547012,293.3554993,291.5641785,290.5644531,289.8522644,289.1302795,287.2348022,281.7896729,276.0832214,266.960144,254.9841919,238.7752533,229.309494,218.1643829,207.9089966,195.5693512,195.199646,207.1753845,216.1409454,219.2183228,233.711441,239.246109,240.5468445,254.7028046,258.9381409,251.9118805,-1.506974697,-1.28294003,8.609779358,1016.379517,11.46477413,0.005264868,1,0,1,1,0,0,0,0,0,0,0,0,0,0,0,0,0,0,0,0,0,0,0,0,0,0,0,0,0,0,0,0,1
0,41,pin_41,19.7474,85.31347,274.5,224.5,27-12-2017,04:30:10,69.96939087,73.56299591,71.92902374,64.40731812,60.47060776,51.6018219,37.6280899,31.66058922,30.36638832,29.3574295,24.3255825,15.76712418,4.917926788,8.106174469,13.49081039,14.07858849,9.209314346,8.41991806,6.325815201,2.787268162,5.030311108,-62,19.75005722,85.31204987,2443,13.74772644,9.785593033,9.926288605,9.993148804,9.94010067,9.997234344,9.950723648,9.955177307,7.530615807,7.543158531,10.01140594,7.530054569,2.780156136,3.717582226,2.727523804,14.99718761,19.96490479,9.975442886,9.963029861,19.82639885,27.27810669,-1,400.742218,412.1494141,443.2438354,490.7580261,510.6828003,560.6294556,620.6637573,665.4143677,674.1472778,681.7141113,709.2554321,754.2784424,761.8751221,764.9512939,768.0132446,779.3526611,865.5427246,884.4005127,899.3917236,939.017334,1015.893127,1586.267212,1767.941895,1962.815674,2006.904541,1980.073486,1856.473999,1705.133423,1581.530762,1544.912964,1518.158569,1449.672241,1309.24646,1290.316895,1280.057861,1271.243042,1212.86145,992.0691528,962.3944702,926.1929321,854.3659668,723.2682495,2147483647,19.74691582,85.31337738,102.4981766,2.006809711,146.8946381,50.67940903,293.3322144,291.5555115,290.5665588,289.8593445,289.1288757,287.2408142,281.8000488,276.0810852,266.9537659,254.9823608,238.7716522,229.2990265,218.1602173,207.9079742,195.5785217,195.1988373,207.170517,216.1653442,219.2136383,233.700882,239.2516327,240.568634,254.7050171,258.9046021,251.9065247,-1.49070704,-1.212980151,8.624017715,1016.385925,11.47031212,0.005265118,1,0,1,1,0,0,0,0,0,0,0,0,0,0,0,0,0,0,0,0,0,0,0,0,0,0,0,0,0,0,0,0,1
0,42,pin_42,19.759044,85.444457,319.5,220.5,27-12-2017,04:30:10,69.39758301,73.21492767,72.06265259,65.63993835,63.14585114,57.35869598,45.28557968,38.48882675,36.89996338,35.67592621,30.14183617,17.45903015,5.187813282,8.850177765,14.68133068,15.62166595,9.593857765,8.716897964,6.305701256,2.679563284,4.59275198,-62,19.76305008,85.44194794,2491,13.72649384,9.782790184,9.92911911,9.993742943,9.939658165,9.996449471,9.950850487,9.954897881,7.529537201,7.543194294,10.01099491,7.529367924,2.778811932,3.718515158,2.727897406,14.99821854,19.96328545,9.973442078,9.96270752,19.82723045,27.18806076,-1,400.7163696,412.116394,443.2054443,490.7218628,510.6445618,560.5936279,620.6282959,665.3804321,674.1124268,681.6782227,709.2207031,754.2455444,761.8383789,764.9154663,767.9790039,779.3202515,865.5101318,884.3643188,899.3527832,938.9936523,1015.880615,1585.432617,1767.712402,1961.706299,2006.311035,1980.793701,1856.753906,1705.150879,1581.622559,1545.070068,1518.306152,1449.904297,1309.241333,1290.347412,1280.355225,1271.137573,1213.008911,992.0445557,962.4594116,926.2261963,854.4002686,723.2928467,2147483647,19.75989342,85.44329071,102.1240158,0.968453288,147.0257263,50.62504578,293.5634766,291.6265564,290.5844116,289.8493958,289.165741,287.2068176,281.7185669,276.0811462,266.9830322,254.9829559,238.7835846,229.302475,218.1802521,207.9389801,195.564621,195.1784058,207.2124634,216.0704346,219.2207336,233.7595367,239.2036591,240.4993286,254.7151947,259.0344238,251.9763184,-1.318084478,-1.387527227,8.484509468,1016.345398,11.34744835,0.005264498,1,0,1,1,0,0,0,0,0,0,0,0,0,0,0,0,0,0,0,0,0,0,0,0,0,0,0,0,0,0,0,0,1
0,43,pin_43,19.773598,85.400795,304.5,215.5,27-12-2017,04:30:10,70.19252777,74.40639496,73.77553558,67.81718445,64.75099945,57.64283371,44.57345963,38.37487793,37.08066177,35.88473892,28.64217567,16.97665596,5.180316448,8.556036949,14.4706192,15.27699184,9.534697533,8.661901474,6.376100063,2.82643342,5.06272316,-62,19.77743721,85.40048981,2474,13.72843647,9.782899857,9.928673744,9.993880272,9.939940453,9.996527672,9.950876236,9.954668999,7.530768394,7.542790413,10.01136017,7.529580593,2.779863834,3.717974186,2.72818017,14.99763393,19.9648056,9.97368145,9.962211609,19.82834625,27.07453156,-1,400.7283936,412.1280212,443.2189331,490.7343445,510.6579895,560.6065674,620.6407471,665.3920898,674.1246948,681.6912842,709.2333984,754.2570801,761.8516846,764.9284058,767.991333,779.3320923,865.5236206,884.3775024,899.3656616,939.0048828,1015.881897,1585.90332,1767.790771,1962.093628,2006.514648,1980.539917,1856.653564,1705.14502,1581.590698,1545.015503,1518.252563,1449.819092,1309.24292,1290.337402,1280.247925,1271.174805,1212.954956,992.0511475,962.4354858,926.2189941,854.3814087,723.2874146,2147483647,19.77427673,85.40183258,102.2564163,1.336224079,146.9909363,50.65855408,293.5372925,291.6036377,290.5709839,289.8725586,289.1572876,287.2158203,281.7354126,276.0714111,266.9675293,254.9749451,238.7742004,229.2726593,218.1731262,207.9367523,195.5946808,195.1675873,207.2048798,216.1262665,219.2088928,233.7455139,239.2085876,240.555954,254.7120209,258.9558105,251.9654236,-1.280706763,-1.22799933,8.443164825,1016.360291,11.3070097,0.005264789,1,0,1,1,0,0,0,0,0,0,0,0,0,0,0,0,0,0,0,0,0,0,0,0,0,0,0,0,0,0,0,0,1
0,44,pin_44,19.767776,85.371687,294.5,217.5,27-12-2017,04:30:10,69.49520874,73.33541107,72.06265259,65.02938843,61.54070663,53.61549377,38.77978897,31.70441628,30.54708481,29.42703247,23.31229973,15.09756088,4.580569267,7.777428627,12.83760452,13.44226837,8.78040123,8.100940704,6.014050007,2.718728781,4.877975941,-62,19.77040672,85.36974335,2463,13.73526192,9.783877373,9.92783165,9.993607521,9.93998909,9.996781349,9.950824738,9.954859734,7.530722141,7.542927742,10.01137638,7.529754162,2.779967785,3.717833281,2.727944851,14.99747086,19.96482658,9.974295616,9.962500572,19.82764435,27.14876747,-1,400.7333374,412.1356201,443.2277832,490.7427979,510.6667786,560.6146851,620.6489258,665.4000854,674.1327515,681.6994629,709.241272,754.2647095,761.8601074,764.9366455,767.9992065,779.3394775,865.5305176,884.3858032,899.375,939.0093994,1015.886169,1586.033569,1767.844482,1962.349487,2006.653198,1980.375366,1856.589722,1705.140747,1581.569336,1544.97876,1518.218872,1449.766602,1309.244141,1290.329712,1280.179688,1271.199585,1212.921387,992.0578613,962.4205933,926.2096558,854.3758545,723.2800903,2147483647,19.76724815,85.37107849,102.3425522,1.574184179,146.9584045,50.66796112,293.4845276,291.5884705,290.5627136,289.8691406,289.1465149,287.2221375,281.7568359,276.072113,266.9617615,254.975769,238.7724762,229.2779083,218.1688385,207.9274292,195.5935211,195.1746826,207.1939697,216.142395,219.2095947,233.7319183,239.2213745,240.5652008,254.7079163,258.9337463,251.945694,-1.349621177,-1.207858324,8.473124504,1016.369995,11.3368063,0.00526477,1,0,1,1,0,0,0,0,0,0,0,0,0,0,0,0,0,0,0,0,0,0,0,0,0,0,0,0,0,0,0,0,1
0,45,pin_45,19.738668,85.368776,293.5,227.5,27-12-2017,04:30:10,70.82012177,75.00881958,75.07538605,69.34931946,66.67919159,59.89122391,45.88341141,38.93586349,37.40401077,36.4029007,29.00020218,17.12064934,5.210303783,8.711758614,14.74981213,15.36713791,9.638228416,8.72789669,6.386157036,2.770949125,5.004381657,-62,19.74337387,85.3685379,2465,13.73401451,9.783709526,9.927984238,9.993656158,9.939979553,9.996734619,9.950834274,9.954827309,7.530731201,7.542903423,10.01137352,7.529723167,2.779948711,3.717858791,2.727987528,14.99749947,19.96482277,9.974183083,9.962447166,19.82777023,27.13543892,-1,400.7324219,412.1342468,443.2261658,490.7412415,510.6651917,560.6132202,620.6473999,665.3986206,674.1312866,681.697998,709.2398682,754.2633667,761.8585815,764.9351196,767.9978027,779.3381348,865.5292969,884.3842773,899.3733521,939.0085449,1015.885376,1586.009888,1767.834839,1962.302979,2006.62793,1980.405396,1856.601318,1705.141479,1581.573242,1544.985474,1518.224854,1449.776001,1309.243896,1290.331055,1280.192017,1271.19519,1212.927368,992.0566406,962.4233398,926.2113647,854.3768921,723.2814331,2147483647,19.74021339,85.36987305,102.3273392,1.530896902,146.9469452,50.64497757,293.4096985,291.5818481,290.5626831,289.8441162,289.1356506,287.2241516,281.7690125,276.0848389,266.9699707,254.985733,238.7801971,229.31987,218.1711578,207.9138641,195.5592651,195.1969452,207.1856384,216.1046906,219.2238617,233.7300262,239.2339783,240.5170441,254.7010956,258.9873657,251.9258575,-1.506129265,-1.375879526,8.567933083,1016.368225,11.43753147,0.005264508,1,0,1,1,0,0,0,0,0,0,0,0,0,0,0,0,0,0,0,0,0,0,0,0,0,0,0,0,0,0,0,0,1
0,46,pin_46,19.738668,85.400795,304.5,227.5,27-12-2017,04:30:10,67.77979279,71.34070587,68.68547058,58.77412415,54.62545395,45.41257095,32.2300415,26.20851707,25.27837753,24.29953575,20.6102066,14.09681702,4.400644779,7.215100765,11.83672428,12.47187996,8.238096237,7.699468136,5.682170868,2.741575241,4.702951908,-62,19.74207878,85.39992523,2477,13.72658157,9.782599449,9.928902626,9.993956566,9.939929008,9.996458054,9.950889587,9.954612732,7.530779839,7.542751312,10.01135635,7.529532433,2.779835463,3.71801281,2.728244781,14.99768066,19.96480179,9.973516464,9.962132454,19.82853889,27.05387115,-1,400.7270203,412.125946,443.2164917,490.7320251,510.6556091,560.6043091,620.6384888,665.3899536,674.1224365,681.6890259,709.2312622,754.2549438,761.8493652,764.9261475,767.9891968,779.3300781,865.5217285,884.3752441,899.3630981,939.0036011,1015.880676,1585.867554,1767.776001,1962.023804,2006.476807,1980.584595,1856.671021,1705.146362,1581.596436,1545.025635,1518.261719,1449.833496,1309.242554,1290.339722,1280.266602,1271.167969,1212.964111,992.0493164,962.4395752,926.2215576,854.3829346,723.2894897,2147483647,19.7389164,85.40126038,102.2341843,1.271296501,146.9769135,50.62797165,293.4569397,291.5979309,290.5639954,289.8374634,289.1416931,287.2153625,281.7510376,276.0863037,266.9783325,254.9871063,238.7842865,229.3276062,218.1766815,207.918808,195.5509338,195.1948242,207.1946106,216.0749664,219.2280884,233.7450714,239.2237549,240.4924927,254.7010956,259.0280762,251.9389954,-1.49537909,-1.447808623,8.537948608,1016.358398,11.41651821,0.005264249,1,0,1,1,0,0,0,0,0,0,0,0,0,0,0,0,0,0,0,0,0,0,0,0,0,0,0,0,0,0,0,0,1
0,47,pin_47,19.767776,85.432814,315.5,217.5,27-12-2017,04:30:10,69.48126221,73.52283478,72.80368805,66.29656982,63.73137665,57.92696762,44.79325104,38.10314941,36.2817955,35.05722427,28.84483147,16.88306236,5.052870274,8.651199341,14.41794109,15.14442539,9.381865501,8.540909767,6.235302925,2.71546483,4.68674612,-62,19.7709465,85.43063354,2486,13.72593594,9.782610893,9.929089546,9.993855476,9.939766884,9.996434212,9.950870514,9.954771042,7.530057907,7.543003082,10.01114559,7.529423714,2.779392004,3.718371868,2.728231668,14.99799824,19.96390724,9.973423958,9.962446213,19.82780266,27.12708855,-1,400.720459,412.1197815,443.2093811,490.7254639,510.6484985,560.5974731,620.631897,665.3837891,674.1160278,681.6821289,709.2244873,754.2489014,761.8423462,764.9193115,767.982666,779.3237915,865.5144653,884.3682861,899.3563843,938.9974365,1015.88031,1585.605469,1767.734619,1961.819824,2006.370605,1980.718018,1856.724365,1705.149536,1581.613159,1545.054443,1518.290283,1449.878662,1309.241699,1290.345459,1280.323486,1271.147827,1212.992798,992.0457764,962.4523926,926.2250366,854.3934326,723.2919922,2147483647,19.76778793,85.43197632,102.1627808,1.07662189,147.0177307,50.63765717,293.5590515,291.6197205,290.5816956,289.8605652,289.1646118,287.2102051,281.7211304,276.0772095,266.9775391,254.9794617,238.7798615,229.288208,218.1780243,207.9401093,195.5778503,195.1723633,207.2115021,216.0915222,219.2153015,233.7561951,239.2031097,240.5220795,254.7149811,259.0045471,251.9761047,-1.284781098,-1.325088739,8.466070175,1016.34967,11.32866573,0.005264675,1,0,1,1,0,0,0,0,0,0,0,0,0,0,0,0,0,0,0,0,0,0,0,0,0,0,0,0,0,0,0,0,1
0,48,pin_48,19.773598,85.412438,308.5,215.5,27-12-2017,04:30:10,69.9414978,74.1252594,73.94561005,67.55222321,65.25576019,58.51995087,45.06579208,38.92709732,37.58470535,36.25595856,28.8515873,16.92625999,5.10534811,8.625246048,14.37579918,15.26108456,9.406516075,8.601406097,6.255416393,2.744838953,4.75481081,-62,19.77786827,85.41116333,2478,13.72596264,9.782496452,9.928979874,9.993982315,9.939925194,9.996435165,9.950893402,9.954593658,7.530783176,7.542738438,10.01135445,7.52951622,2.779825926,3.718025923,2.728266478,14.99769592,19.96480179,9.973461151,9.962106705,19.82860374,27.04694557,-1,400.7265625,412.1252747,443.2156982,490.7312622,510.6548157,560.6035767,620.6377563,665.3892212,674.1217041,681.6882935,709.2305298,754.2542114,761.8486328,764.925415,767.9884644,779.3293457,865.5210571,884.3744507,899.3622437,939.0031738,1015.880249,1585.855713,1767.771118,1962.00061,2006.464233,1980.599487,1856.677002,1705.146729,1581.598511,1545.028931,1518.264893,1449.838379,1309.242432,1290.340332,1280.272949,1271.165771,1212.967163,992.0487671,962.440979,926.2224121,854.3835449,723.2901611,2147483647,19.77470779,85.4125061,102.2251053,1.249691248,147.0014648,50.65353775,293.547699,291.6086731,290.574707,289.8717957,289.1604004,287.2142029,281.7288818,276.0723877,266.9701843,254.9755402,238.7753906,229.2739563,218.1747437,207.9390411,195.5923615,195.1669464,207.2080231,216.1179047,219.209671,233.7499084,239.2051849,240.549057,254.7131958,258.9673767,251.9709778,-1.267535806,-1.249409437,8.443350792,1016.35675,11.30727386,0.005264801,1,0,1,1,0,0,0,0,0,0,0,0,0,0,0,0,0,0,0,0,0,0,0,0,0,0,0,0,0,0,0,0,1
0,49,pin_49,19.773598,85.392062,301.5,215.5,27-12-2017,04:30:10,70.1646347,74.45993805,74.04279327,67.75958252,64.54909515,56.46921921,42.56018066,35.83291626,34.5318985,33.22431946,26.62911606,16.39348984,4.925423622,8.270546913,13.79107475,14.56643391,9.17973423,8.529911041,6.235302925,2.741575241,4.955764294,-62,19.77700424,85.38982391,2470,13.73091125,9.783275604,9.928367615,9.993779182,9.939957619,9.996620178,9.950857162,9.954742432,7.530752182,7.542841434,10.01136589,7.529644489,2.779901505,3.717922688,2.728094339,14.99757385,19.96481133,9.973903656,9.962316513,19.82808876,27.1017971,-1,400.7301941,412.1307983,443.2221375,490.7374268,510.6611938,560.6094971,620.6436768,665.3950195,674.1276245,681.6942749,709.2362671,754.2598267,761.8547363,764.9313965,767.9942017,779.3347778,865.526123,884.3805542,899.3690796,939.0065308,1015.883484,1585.950806,1767.810303,1962.186646,2006.565063,1980.480225,1856.630371,1705.143433,1581.583008,1545.002197,1518.240356,1449.799927,1309.243408,1290.334473,1280.223022,1271.18396,1212.942749,992.0536499,962.4300537,926.2156372,854.3793945,723.284668,2147483647,19.77384377,85.39115906,102.2877045,1.422757268,146.9804077,50.6635704,293.5258179,291.5986328,290.5675659,289.8733521,289.1542053,287.2176208,281.7419434,276.0705566,266.9648743,254.974411,238.7730103,229.2713623,218.1714935,207.9344635,195.5969391,195.1683044,207.2017212,216.1346893,219.2080841,233.7410431,239.2120514,240.562851,254.7109375,258.9441833,251.9599304,-1.293446779,-1.207323194,8.44465065,1016.363831,11.3081646,0.005264789,1,0,1,1,0,0,0,0,0,0,0,0,0,0,0,0,0,0,0,0,0,0,0,0,0,0,0,0,0,0,0,0,1
0,50,pin_50,19.759044,85.473566,329.5,220.5,27-12-2017,04:30:10,70.47145844,74.86155701,75.69493866,70.5819397,68.60739136,64.31388092,55.36955643,51.46160507,49.91956711,48.8465538,44.42914963,28.10723877,7.954146862,13.85922241,23.96317673,25.99899101,14.9922514,13.10559464,9.021075249,2.999413729,5.130787849,-62,19.76174164,85.47333527,2503,13.72785473,9.783231735,9.929189682,9.993484497,9.939403534,9.996482849,9.950798988,9.955198288,7.528269768,7.543648243,10.01063156,7.529229641,2.777420044,3.718866348,2.727099657,14.99875355,19.96181107,9.973488808,9.963335991,19.82587051,27.33187675,-1,400.706543,412.1081848,443.1959839,490.7131653,510.6351318,560.5843506,620.6195679,665.3722534,674.1038818,681.6687622,709.2114868,754.2374268,761.8287354,764.9061279,767.9702148,779.3116455,865.4996948,884.3547974,899.3441162,938.984375,1015.881042,1585.016479,1767.658936,1961.43396,2006.167725,1980.974487,1856.824829,1705.153931,1581.645386,1545.108032,1518.344604,1449.966064,1309.240601,1290.352661,1280.432129,1271.112305,1213.048218,992.0413208,962.4765015,926.229126,854.416687,723.2953491,2147483647,19.75859642,85.4746933,102.0301361,0.70887506,147.0557098,50.6080513,293.5899048,291.6424866,290.5968628,289.8435974,289.1749878,287.2022705,281.7008667,276.0853882,266.9917297,254.9858704,238.7878723,229.3102264,218.184967,207.9448547,195.5540009,195.1791077,207.2209015,216.0423126,219.2243805,233.7713165,239.1953278,240.4740906,254.7191772,259.0735779,251.9912415,-1.290552974,-1.462631941,8.49851799,1016.334656,11.35934448,0.005264514,1,0,1,1,0,0,0,0,0,0,0,0,0,0,0,0,0,0,0,0,0,0,0,0,0,0,0,0,0,0,0,0,1
0,51,pin_51,19.802706,85.456101,323.5,205.5,27-12-2017,04:30:10,70.65276337,75.02220154,75.37908936,71.10033417,69.19290924,64.93157196,53.62002563,47.80643845,45.64944077,44.46150208,37.47126007,21.02283096,6.087433815,10.46795177,17.6892395,18.99416351,10.91510868,9.811322212,7.080085754,2.774212837,4.85204649,-62,19.80662727,85.4550705,2492,13.72660637,9.78282547,9.929124832,9.993720055,9.93963623,9.996452332,9.950845718,9.954922676,7.529432774,7.543232441,10.01096439,7.52935648,2.77869606,3.718544006,2.727830887,14.99826336,19.96316147,9.973445892,9.962759018,19.82711601,27.20018387,-1,400.7155457,412.1156921,443.2046509,490.7211304,510.6437683,560.5928345,620.6275635,665.3797607,674.1117554,681.6774292,709.2199097,754.244873,761.8375854,764.9146729,767.9783325,779.319519,865.5092773,884.3635254,899.3521118,938.9928589,1015.880615,1585.398071,1767.708008,1961.683472,2006.299072,1980.808838,1856.759766,1705.151001,1581.624512,1545.073242,1518.309326,1449.909424,1309.241333,1290.3479,1280.361572,1271.135498,1213.012207,992.0443115,962.4608154,926.2264404,854.4016113,723.2930298,2147483647,19.80347443,85.4564209,102.11586,0.946869731,147.0550232,50.65648651,293.5813904,291.6211853,290.5992737,289.9053345,289.1797485,287.2168884,281.6874084,276.0686951,266.9722595,254.9694214,238.7724762,229.2376099,218.1795654,207.9598083,195.6168976,195.1433411,207.228241,216.1237946,219.1975555,233.7719727,239.1777649,240.5705719,254.7216339,258.9563904,252.0125885,-1.061894536,-1.235985041,8.409490585,1016.344116,11.27551746,0.005265686,1,0,1,1,0,0,0,0,0,0,0,0,0,0,0,0,0,0,0,0,0,0,0,0,0,0,0,0,0,0,0,0,1
0,52,pin_52,19.814349,85.435725,316.5,201.5,27-12-2017,04:30:10,66.3014679,69.06487274,64.45792389,53.87820053,50.00182343,43.25065613,31.84321022,25.95432091,24.42245102,23.78910637,23.25150108,14.92477036,4.580569267,7.846638203,12.67430305,13.28849125,8.479668617,7.79846096,5.817939758,2.597968817,4.560340405,-62,19.81928635,85.43432617,2483,13.72563934,9.782510757,9.929073334,9.993922234,9.939832687,9.996424675,9.950882912,9.95468998,7.530370235,7.54288578,10.01123524,7.529456615,2.779662609,3.718259811,2.728349924,14.99787045,19.9642849,9.973415375,9.96228981,19.82815933,27.09008217,-1,400.7229004,412.1218567,443.211731,490.7276001,510.6508484,560.5997925,620.6340942,665.3858032,674.1181641,681.6844482,709.2267456,754.2508545,761.8446655,764.9216309,767.9848633,779.3258667,865.5170288,884.3706055,899.3585205,938.9997559,1015.880127,1585.708252,1767.747925,1961.887573,2006.405884,1980.673096,1856.706543,1705.148682,1581.607544,1545.044922,1518.280762,1449.863403,1309.241943,1290.343994,1280.304565,1271.154297,1212.983032,992.0466919,962.4481812,926.2242432,854.3894043,723.2915039,2147483647,19.81612587,85.43566895,102.1867752,1.141580343,147.0396881,50.67800903,293.5856934,291.6054688,290.5886536,289.9256592,289.1755371,287.2189636,281.6928101,276.0597839,266.9625549,254.9625397,238.7661591,229.2144012,218.1759796,207.9608307,195.6402283,195.1321716,207.2261963,216.1590424,219.188797,233.7674866,239.1764374,240.6094666,254.7190552,258.9065552,252.0099487,-1.024384618,-1.118910432,8.34419632,1016.352234,11.21800423,0.005265797,1,0,1,1,0,0,0,0,0,0,0,0,0,0,0,0,0,0,0,0,0,0,0,0,0,0,0,0,0,0,0,0,1
